#elements in 0, #edges,# mistakes,alpha 0, List of elements in 0,
48, 240, 79, -1.0932280661009828, 2112 2113 1729 322 2626 388 453 2567 2632 456 1098 588 909 1933 1103 720 2769 1874 915 2707 2132 2069 149 1558 1112 25 1820 1372 2141 605 2845 2526 1634 995 2148 1770 44 940 47 48 2161 1910 1142 247 503 2616 1598 1151 ,,
92, 446, 129, -1.1096782438280108, 2176 2304 1793 2817 2306 1155 1028 1670 1158 262 2824 266 1675 1421 1933 529 1044 276 149 1558 1432 409 1050 282 1819 1181 2335 1825 1697 1574 1063 425 298 2603 2477 2223 687 48 2610 2228 1717 311 2104 952 1081 570 574 193 1601 962 2884 1605 2758 71 2632 456 75 1357 848 2256 2132 2517 2518 1494 1366 2646 343 2009 2522 988 2655 1631 1760 1504 1378 2019 1764 623 1008 2160 1904 2288 2161 2290 371 886 1910 1275 2299 253 894 1535 ,,
3, 4, 1, -0.6706719891559407, 1765 2661 2141 ,,
9, 20, 4, -0.89133545676937, 2657 2723 915 68 328 440 220 2364 47 ,,
3, 4, 1, -0.6706719891559407, 674 2838 44 ,,
3, 4, 1, -0.6706719891559407, 888 2141 398 ,,
9, 20, 2, -0.968549437063929, 176 1715 1011 855 1320 440 1642 2141 2559 ,,
9, 20, 2, -0.968549437063929, 1604 2709 2584 409 1690 876 1580 2141 573 ,,
12, 28, 5, -0.8350071908723821, 401 2433 1139 2102 2455 2311 1096 120 1770 1276 1598 1727 ,,
3, 4, 1, -0.6706719891559407, 1048 42 2141 ,,
8, 16, 2, -0.9167816203859176, 931 918 534 1624 1465 2141 1742 2559 ,,
9, 20, 2, -0.89133545676937, 2003 2580 1268 2615 2488 2219 2141 1726 47 ,,
17, 46, 11, -0.9152105876148614, 2370 1730 2468 2564 2567 1770 2475 780 177 2897 2610 1366 952 2584 2139 1980 540 ,,
3, 4, 1, -0.6706719891559407, 1168 1795 1770 ,,
3, 4, 1, -0.6706719891559407, 698 2141 959 ,,
19, 62, 17, -0.8791733665888556, 2240 482 2723 2183 1320 1864 10 1770 235 396 1869 2895 883 1108 1142 1880 218 2874 2716 ,,
3, 4, 1, -0.6706719891559407, 1733 2183 2141 ,,
25, 78, 21, -0.9530270455159868, 192 2625 1730 2820 2571 1549 915 2645 1880 2712 2716 2847 992 1760 1770 810 749 1262 176 2545 1331 1779 1142 2232 510 ,,
3, 4, 1, -0.6706719891559407, 1122 517 1770 ,,
3, 4, 1, -0.6706719891559407, 2166 218 2141 ,,
3, 4, 1, -0.6706719891559407, 54 1369 2141 ,,
3, 4, 1, -0.6706719891559407, 1987 435 2141 ,,
12, 28, 5, -0.8436647466161012, 2625 2723 963 1699 3 980 2709 2470 201 617 2571 47 ,,
8, 16, 2, -0.9318217478010357, 1489 2004 2869 1766 950 969 2396 2141 ,,
14, 40, 7, -0.975376955228517, 1730 2018 810 2795 396 588 1265 1137 1620 1142 247 2137 2716 1150 ,,
24, 84, 15, -0.9605043771426609, 1506 1475 1316 2311 1223 1355 2699 588 364 556 621 1389 1869 239 401 594 628 1239 824 2553 284 925 477 62 ,,
3, 4, 1, -0.6706719891559407, 1110 1191 2141 ,,
29, 144, 41, -0.9077850759221405, 577 900 390 2631 2567 720 1874 1939 1876 2518 2333 2655 1056 995 996 2148 1895 616 2288 305 498 1587 1910 182 502 1981 893 894 1855 ,,
3, 4, 1, -0.6706719891559407, 2497 1050 44 ,,
3, 4, 1, -0.6706719891559407, 2483 2651 2141 ,,
8, 16, 2, -0.9167816203859176, 625 2084 855 168 2716 1437 1534 207 ,,
3, 4, 1, -0.6706719891559407, 2788 2088 44 ,,
3, 4, 1, -0.6706719891559407, 1991 1770 187 ,,
3, 4, 1, -0.6706719891559407, 1913 2141 1263 ,,
9, 20, 4, -0.8657819437607011, 1008 2721 1010 2882 1011 153 1513 2716 2381 ,,
3, 4, 1, -0.6706719891559407, 678 44 2382 ,,
3, 4, 1, -0.6706719891559407, 2723 762 2445 ,,
3, 4, 1, -0.6706719891559407, 530 212 2141 ,,
3, 4, 1, -0.6706719891559407, 2723 2793 2687 ,,
3, 4, 1, -0.6706719891559407, 1170 2707 1770 ,,
3, 4, 1, -0.6706719891559407, 1088 44 909 ,,
18, 46, 9, -0.8960928644925542, 1984 1506 675 2117 390 1287 1130 1386 1549 334 2190 48 624 2868 149 758 1593 1247 ,,
3, 4, 1, -0.6706719891559407, 2625 1546 2141 ,,
3, 4, 1, -0.6706719891559407, 2403 2650 1770 ,,
3, 4, 1, -0.6706719891559407, 1543 2141 2767 ,,
3, 4, 1, -0.6706719891559407, 2723 1255 110 ,,
3, 4, 1, -0.6706719891559407, 869 778 44 ,,
3, 4, 1, -0.6706719891559407, 1770 2269 2223 ,,
3, 4, 1, -0.6706719891559407, 1552 2723 1124 ,,
3, 4, 1, -0.6706719891559407, 1009 1106 2141 ,,
3, 4, 1, -0.6706719891559407, 1187 2246 44 ,,
3, 4, 1, -0.6706719891559407, 2168 1770 1820 ,,
3, 4, 1, -0.6706719891559407, 2723 1604 2054 ,,
3, 4, 1, -0.6706719891559407, 1140 1897 2141 ,,
3, 4, 1, -0.6706719891559407, 368 2453 44 ,,
3, 4, 1, -0.6706719891559407, 2547 585 1770 ,,
3, 4, 1, -0.6706719891559407, 779 2476 2141 ,,
3, 4, 1, -0.6706719891559407, 2723 1445 573 ,,
3, 4, 1, -0.6706719891559407, 323 1721 1770 ,,
3, 4, 1, -0.6706719891559407, 2386 44 2095 ,,
3, 4, 1, -0.6706719891559407, 642 2723 2235 ,,
14, 40, 13, -0.6127546546837906, 1537 1828 456 1770 44 2828 109 623 343 1241 2299 1084 285 2046 ,,
9, 20, 4, -0.7580328702903567, 1057 2707 1172 2389 1142 56 1705 1817 2716 ,,
3, 4, 1, -0.6706719891559407, 2161 1202 2632 ,,
9, 20, 2, -0.968549437063929, 48 1104 1587 2531 680 809 1497 1884 1375 ,,
3, 4, 1, -0.6706719891559407, 1188 617 2141 ,,
3, 4, 1, -0.6706719891559407, 2723 2232 782 ,,
3, 4, 1, -0.6706719891559407, 1842 2723 1589 ,,
3, 4, 1, -0.6706719891559407, 1874 71 409 ,,
3, 4, 1, -0.6706719891559407, 1937 2141 573 ,,
3, 4, 1, -0.6706719891559407, 2723 2315 2446 ,,
3, 4, 1, -0.6706719891559407, 96 2136 1770 ,,
3, 4, 1, -0.6706719891559407, 147 2695 2141 ,,
3, 4, 1, -0.6706719891559407, 1464 1770 2379 ,,
3, 4, 1, -0.6706719891559407, 1033 2141 1309 ,,
8, 20, 6, -0.7961281603659797, 2592 2496 2032 2225 2716 2396 77 1950 ,,
3, 4, 1, -0.6706719891559407, 2723 234 2171 ,,
12, 28, 5, -0.8911870290310696, 2480 1600 2517 917 1142 2087 377 2891 220 1276 1613 2334 ,,
3, 4, 1, -0.6706719891559407, 529 1544 1770 ,,
22, 74, 14, -0.9272023537662646, 224 898 2370 1736 1384 809 425 1262 2768 2160 2288 914 1874 82 1362 1908 1689 2587 1276 189 2655 735 ,,
3, 4, 1, -0.6706719891559407, 729 1146 2141 ,,
3, 4, 1, -0.6706719891559407, 2723 1848 2266 ,,
3, 4, 1, -0.6706719891559407, 131 1449 44 ,,
3, 4, 1, -0.6706719891559407, 2326 938 2141 ,,
3, 4, 1, -0.6706719891559407, 784 2133 1770 ,,
3, 4, 1, -0.6706719891559407, 2373 1670 47 ,,
3, 4, 1, -0.6706719891559407, 768 48 53 ,,
3, 4, 1, -0.6706719891559407, 880 2723 314 ,,
3, 4, 1, -0.6706719891559407, 1276 95 47 ,,
3, 4, 1, -0.6706719891559407, 393 571 44 ,,
14, 40, 5, -0.9485848441594017, 2112 2148 2693 904 2345 1641 300 2640 1329 1138 187 859 2109 381 ,,
3, 4, 1, -0.6706719891559407, 2614 1770 1980 ,,
3, 4, 1, -0.6706719891559407, 1780 396 2141 ,,
3, 4, 1, -0.6706719891559407, 48 1187 633 ,,
9, 20, 4, -0.9543798858200282, 1300 2869 21 1944 2716 1389 2573 2719 207 ,,
8, 16, 2, -0.9318217478010357, 2723 1477 1909 2517 2891 2428 2669 2319 ,,
3, 4, 1, -0.6706719891559407, 282 44 972 ,,
3, 4, 1, -0.6706719891559407, 169 1770 1773 ,,
3, 4, 1, -0.6706719891559407, 1604 904 47 ,,
3, 4, 1, -0.6706719891559407, 33 2891 2141 ,,
8, 16, 2, -0.9167816203859176, 2258 626 2723 2323 1257 316 2748 2669 ,,
3, 4, 1, -0.6706719891559407, 1883 2141 2894 ,,
3, 4, 1, -0.6706719891559407, 80 48 703 ,,
16, 50, 13, -0.8859746865802225, 1320 2891 172 1389 1486 1103 944 176 2098 915 84 1238 1270 1020 2268 2719 ,,
8, 16, 2, -0.9167816203859176, 480 2112 1353 44 2028 733 1518 911 ,,
3, 4, 1, -0.6706719891559407, 2232 1770 683 ,,
3, 4, 1, -0.6706719891559407, 2416 1529 1262 ,,
3, 4, 1, -0.6706719891559407, 440 154 47 ,,
3, 4, 1, -0.6706719891559407, 48 1427 1593 ,,
9, 20, 4, -0.9543798858200282, 2085 261 1142 540 1212 1613 2429 398 1662 ,,
3, 4, 1, -0.6706719891559407, 2231 2091 2141 ,,
9, 20, 4, -0.7764997676861416, 1457 19 1267 2373 456 1050 540 1901 47 ,,
3, 4, 1, -0.6706719891559407, 1914 1770 271 ,,
3, 4, 1, -0.6706719891559407, 48 1385 2271 ,,
3, 4, 1, -0.6706719891559407, 2024 217 2716 ,,
3, 4, 1, -0.6706719891559407, 1962 2141 1742 ,,
3, 4, 1, -0.6706719891559407, 248 1770 1930 ,,
3, 4, 1, -0.6706719891559407, 48 2097 561 ,,
3, 4, 1, -0.6706719891559407, 116 2716 1741 ,,
3, 4, 1, -0.6706719891559407, 689 995 1981 ,,
12, 28, 3, -0.9496201022603955, 1539 2406 2806 2584 473 2570 394 1772 2716 2636 957 255 ,,
3, 4, 1, -0.6706719891559407, 917 1320 1913 ,,
3, 4, 1, -0.6706719891559407, 1910 750 2127 ,,
3, 4, 1, -0.6706719891559407, 1537 1729 1738 ,,
3, 4, 1, -0.6706719891559407, 2723 405 1246 ,,
3, 4, 1, -0.6706719891559407, 976 1716 2141 ,,
3, 4, 1, -0.6706719891559407, 2736 2053 44 ,,
3, 4, 1, -0.6706719891559407, 325 2518 1770 ,,
3, 4, 1, -0.6706719891559407, 1396 1142 1178 ,,
3, 4, 1, -0.6706719891559407, 48 696 2778 ,,
3, 4, 1, -0.6706719891559407, 992 2723 1145 ,,
3, 4, 1, -0.6706719891559407, 2549 1628 2141 ,,
9, 20, 2, -0.9543798858200282, 1936 1040 1536 1729 2067 1081 2092 1276 1981 ,,
3, 4, 1, -0.6706719891559407, 969 2138 2396 ,,
3, 4, 1, -0.6706719891559407, 357 742 44 ,,
8, 16, 2, -0.9318217478010357, 1329 674 1940 2069 2246 2363 1036 47 ,,
24, 84, 25, -0.896782372843483, 160 2435 2019 2469 1574 71 2632 809 2668 1998 1551 720 1904 2672 1457 529 2097 1586 855 441 2778 1981 1886 894 ,,
3, 4, 1, -0.6706719891559407, 2755 1770 1050 ,,
3, 4, 1, -0.6706719891559407, 1910 2438 2457 ,,
3, 4, 1, -0.6706719891559407, 2822 1142 2702 ,,
3, 4, 1, -0.6706719891559407, 2038 554 2094 ,,
3, 4, 1, -0.6706719891559407, 2723 67 2517 ,,
8, 16, 2, -0.9167816203859176, 1408 2161 1009 2242 675 1427 1996 13 ,,
3, 4, 1, -0.6706719891559407, 1202 421 1910 ,,
24, 84, 19, -1.0114645364309538, 1409 1154 259 1348 2148 454 2726 1799 1032 2857 493 1837 1869 1038 2094 14 1491 820 2517 1016 2842 956 285 2238 ,,
3, 4, 1, -0.6706719891559407, 48 2045 1950 ,,
3, 4, 1, -0.6706719891559407, 1285 2248 969 ,,
3, 4, 1, -0.6706719891559407, 1218 1227 300 ,,
3, 4, 1, -0.6706719891559407, 2247 1547 2141 ,,
3, 4, 1, -0.6706719891559407, 1744 1014 44 ,,
3, 4, 1, -0.6706719891559407, 343 1770 2058 ,,
9, 20, 4, -0.9520923116409267, 1137 322 1059 2148 855 665 2778 1690 2571 ,,
3, 4, 1, -0.6706719891559407, 1250 2723 858 ,,
3, 4, 1, -0.6706719891559407, 48 622 478 ,,
3, 4, 1, -0.6706719891559407, 673 2337 300 ,,
3, 4, 1, -0.6706719891559407, 2723 501 585 ,,
3, 4, 1, -0.6706719891559407, 839 2874 1770 ,,
3, 4, 1, -0.6706719891559407, 588 1022 1838 ,,
3, 4, 1, -0.6706719891559407, 1808 901 2141 ,,
34, 132, 31, -1.001790778993015, 2112 513 2434 66 322 1860 2564 1926 1032 969 2379 909 1485 718 720 2003 1749 2645 2518 1881 542 735 2146 1699 2345 555 1134 368 248 2171 701 574 1598 702 ,,
3, 4, 1, -0.6706719891559407, 1232 1729 1142 ,,
3, 4, 1, -0.6706719891559407, 1392 44 1485 ,,
9, 20, 4, -0.8700792899125844, 2752 1329 2274 1922 2214 1721 300 894 1247 ,,
9, 20, 2, -0.9543798858200282, 2449 883 115 1142 1222 1607 1705 2794 396 ,,
3, 4, 1, -0.6706719891559407, 1142 985 379 ,,
3, 4, 1, -0.6706719891559407, 1910 1593 2895 ,,
3, 4, 1, -0.6706719891559407, 1874 987 2380 ,,
3, 4, 1, -0.6706719891559407, 2360 588 477 ,,
3, 4, 1, -0.6706719891559407, 1184 227 2141 ,,
3, 4, 1, -0.6706719891559407, 48 2004 297 ,,
3, 4, 1, -0.6706719891559407, 1107 2202 44 ,,
30, 98, 19, -0.8681135413170596, 833 1731 1351 264 905 1870 2831 1618 1362 1490 915 340 1367 1303 1818 2847 2145 1891 2533 1831 2856 873 1321 429 1262 1327 1270 1785 573 2686 ,,
3, 4, 1, -0.6706719891559407, 1392 1573 47 ,,
3, 4, 1, -0.6706719891559407, 1874 1929 2139 ,,
3, 4, 1, -0.6706719891559407, 229 1770 2027 ,,
3, 4, 1, -0.6706719891559407, 113 1910 730 ,,
3, 4, 1, -0.6706719891559407, 2723 2539 2125 ,,
3, 4, 1, -0.6706719891559407, 2010 523 588 ,,
3, 4, 1, -0.6706719891559407, 48 1403 2382 ,,
3, 4, 1, -0.6706719891559407, 1729 1955 749 ,,
3, 4, 1, -0.6706719891559407, 1208 2141 174 ,,
12, 28, 3, -0.9104431416714899, 1472 2032 2160 674 1730 2517 1125 2646 2183 168 2603 2891 ,,
3, 4, 1, -0.6706719891559407, 355 44 1324 ,,
3, 4, 1, -0.6706719891559407, 2513 2018 1770 ,,
3, 4, 1, -0.6706719891559407, 1572 1770 47 ,,
8, 16, 2, -0.9318217478010357, 368 674 2246 1320 2088 2698 540 2719 ,,
3, 4, 1, -0.6706719891559407, 1728 1874 2134 ,,
3, 4, 1, -0.6706719891559407, 2723 917 2215 ,,
3, 4, 1, -0.6706719891559407, 1590 1910 492 ,,
3, 4, 1, -0.6706719891559407, 465 5 47 ,,
3, 4, 1, -0.6706719891559407, 1729 1539 37 ,,
3, 4, 1, -0.6706719891559407, 48 2691 141 ,,
23, 64, 9, -0.8980718437987779, 385 2820 2118 2535 2247 2311 2473 588 237 1263 175 1969 753 1141 1653 2390 342 503 1048 793 2298 477 2301 ,,
3, 4, 1, -0.6706719891559407, 420 1142 151 ,,
3, 4, 1, -0.6706719891559407, 626 1555 2141 ,,
9, 20, 4, -0.9543798858200282, 83 2148 1989 1509 2373 1289 987 925 895 ,,
3, 4, 1, -0.6706719891559407, 65 2716 1215 ,,
3, 4, 1, -0.6706719891559407, 2723 1157 1561 ,,
3, 4, 1, -0.6706719891559407, 1617 645 44 ,,
3, 4, 1, -0.6706719891559407, 963 2282 317 ,,
3, 4, 1, -0.6706719891559407, 1874 918 2569 ,,
3, 4, 1, -0.6706719891559407, 1840 2226 1910 ,,
3, 4, 1, -0.6706719891559407, 355 47 2159 ,,
3, 4, 1, -0.6706719891559407, 48 2680 1247 ,,
3, 4, 1, -0.6706719891559407, 426 1114 300 ,,
3, 4, 1, -0.6706719891559407, 1732 2345 1770 ,,
3, 4, 1, -0.6706719891559407, 1729 1105 1607 ,,
3, 4, 1, -0.6706719891559407, 1698 1314 2716 ,,
3, 4, 1, -0.6706719891559407, 2805 12 2141 ,,
3, 4, 1, -0.6706719891559407, 2723 1943 2106 ,,
22, 64, 9, -0.912653771443303, 1760 162 1604 682 2251 1869 2637 2734 2895 401 758 1878 759 855 2714 219 220 1180 1276 766 1150 2687 ,,
8, 16, 2, -0.9318217478010357, 1185 1457 1749 2345 44 509 1566 2126 ,,
3, 4, 1, -0.6706719891559407, 1664 1031 47 ,,
9, 20, 4, -0.89133545676937, 1729 2625 1652 2677 2517 2519 1033 1690 1615 ,,
3, 4, 1, -0.6706719891559407, 963 1433 2189 ,,
3, 4, 1, -0.6706719891559407, 2576 1910 1750 ,,
3, 4, 1, -0.6706719891559407, 1874 378 252 ,,
3, 4, 1, -0.6706719891559407, 2480 2087 381 ,,
3, 4, 1, -0.6706719891559407, 48 2135 1951 ,,
9, 20, 2, -0.968549437063929, 659 2211 836 2344 1032 187 1659 1356 2415 ,,
3, 4, 1, -0.6706719891559407, 2272 2141 1471 ,,
3, 4, 1, -0.6706719891559407, 468 1659 300 ,,
3, 4, 1, -0.6706719891559407, 1958 1770 1130 ,,
3, 4, 1, -0.6706719891559407, 724 2716 366 ,,
3, 4, 1, -0.6706719891559407, 963 2712 2874 ,,
3, 4, 1, -0.6706719891559407, 2723 2405 2089 ,,
3, 4, 1, -0.6706719891559407, 540 380 1582 ,,
3, 4, 1, -0.6706719891559407, 1586 1558 1034 ,,
3, 4, 1, -0.6706719891559407, 1874 1604 751 ,,
27, 104, 29, -0.9082895450006696, 321 258 388 1993 1290 651 907 589 461 1296 593 2841 476 1756 157 2593 1761 427 620 2348 2350 754 756 185 2302 2047 447 ,,
3, 4, 1, -0.6706719891559407, 1507 1910 2745 ,,
3, 4, 1, -0.6706719891559407, 963 1748 1770 ,,
14, 58, 16, -0.8282542480133196, 2693 711 1800 1417 427 2316 1553 2802 2038 476 2140 1533 253 926 ,,
3, 4, 1, -0.6706719891559407, 2716 1630 2270 ,,
3, 4, 1, -0.6706719891559407, 343 1581 47 ,,
3, 4, 1, -0.6706719891559407, 1142 2697 2025 ,,
3, 4, 1, -0.6706719891559407, 48 2068 552 ,,
5, 10, 2, -0.8745315566078379, 1457 1874 532 2148 2069 ,,
8, 16, 2, -0.9167816203859176, 2401 2242 1253 1910 2648 2121 2618 1277 ,,
3, 4, 1, -0.6706719891559407, 1264 2723 791 ,,
3, 4, 1, -0.6706719891559407, 563 1643 300 ,,
9, 24, 3, -0.9577887860690408, 1137 930 1394 1539 2819 1172 665 2378 238 ,,
14, 52, 14, -0.8174422331607258, 1793 2113 995 2659 996 2567 680 1197 2768 1745 1811 315 2141 2333 ,,
3, 4, 1, -0.6706719891559407, 600 2141 2334 ,,
3, 4, 1, -0.6706719891559407, 1586 1666 540 ,,
3, 4, 1, -0.6706719891559407, 855 2571 1611 ,,
3, 4, 1, -0.6706719891559407, 1683 909 1551 ,,
3, 4, 1, -0.6706719891559407, 2064 963 2185 ,,
3, 4, 1, -0.6706719891559407, 2672 1034 861 ,,
3, 4, 1, -0.6706719891559407, 1442 1770 1132 ,,
3, 4, 1, -0.6706719891559407, 2148 6 2359 ,,
3, 4, 1, -0.6706719891559407, 1955 260 2716 ,,
3, 4, 1, -0.6706719891559407, 48 2881 984 ,,
3, 4, 1, -0.6706719891559407, 1456 1203 47 ,,
3, 4, 1, -0.6706719891559407, 2865 1719 44 ,,
3, 4, 1, -0.6706719891559407, 1152 1874 827 ,,
3, 4, 1, -0.6706719891559407, 2297 2076 300 ,,
3, 4, 1, -0.6706719891559407, 428 2108 2141 ,,
3, 4, 1, -0.6706719891559407, 18 1142 729 ,,
27, 98, 27, -0.8177713868905708, 2432 2049 514 1924 1993 1166 2447 1680 2512 28 797 2014 1252 2340 997 741 488 808 2859 1835 1771 2419 2611 185 2809 2302 2431 ,,
3, 4, 1, -0.6706719891559407, 2723 508 431 ,,
9, 20, 4, -0.8657819437607011, 1840 1779 1333 2887 1353 474 540 2126 1391 ,,
3, 4, 1, -0.6706719891559407, 2051 2376 300 ,,
8, 16, 2, -0.9167816203859176, 720 624 1008 498 680 285 63 1791 ,,
3, 4, 1, -0.6706719891559407, 855 1447 2542 ,,
9, 20, 4, -0.89133545676937, 994 679 2632 827 909 1134 798 943 735 ,,
9, 20, 2, -0.89133545676937, 1776 963 2595 1880 2410 1051 2811 1484 2141 ,,
3, 4, 1, -0.6706719891559407, 1893 2038 166 ,,
3, 4, 1, -0.6706719891559407, 949 1034 1691 ,,
3, 4, 1, -0.6706719891559407, 2148 1542 839 ,,
3, 4, 1, -0.6706719891559407, 1059 122 44 ,,
12, 34, 5, -0.9548747740248595, 2176 914 99 1081 809 2778 1386 2779 2139 1933 1981 1311 ,,
3, 4, 1, -0.6706719891559407, 2517 2364 285 ,,
3, 4, 1, -0.6706719891559407, 2212 2409 1770 ,,
3, 4, 1, -0.6706719891559407, 661 2716 255 ,,
3, 4, 1, -0.6706719891559407, 2194 996 1268 ,,
11, 28, 3, -0.9799357502213153, 2353 98 1171 1831 2183 1690 2874 2891 1116 2894 1359 ,,
3, 4, 1, -0.6706719891559407, 48 2148 2069 ,,
3, 4, 1, -0.6706719891559407, 939 285 47 ,,
9, 20, 2, -0.973348478497712, 68 1604 1320 1033 2714 844 1981 1085 2078 ,,
3, 4, 1, -0.6706719891559407, 1206 1142 407 ,,
3, 4, 1, -0.6706719891559407, 1729 1174 2664 ,,
8, 20, 4, -0.7961281603659797, 1730 244 1093 2201 1513 2427 2716 1790 ,,
3, 4, 1, -0.6706719891559407, 1233 1874 2747 ,,
8, 20, 6, -0.8910318631691508, 48 2868 1764 2070 2567 809 570 1119 ,,
3, 4, 1, -0.6706719891559407, 2039 2141 1230 ,,
3, 4, 1, -0.6706719891559407, 2723 1156 1963 ,,
3, 4, 1, -0.6706719891559407, 2257 2498 187 ,,
3, 4, 1, -0.6706719891559407, 2564 1333 855 ,,
9, 20, 2, -0.968549437063929, 1024 2192 1762 66 2042 2171 300 2221 2142 ,,
3, 4, 1, -0.6706719891559407, 1203 1034 1087 ,,
3, 4, 1, -0.6706719891559407, 917 1770 270 ,,
3, 4, 1, -0.6706719891559407, 996 520 442 ,,
3, 4, 1, -0.6706719891559407, 2784 1729 1517 ,,
3, 4, 1, -0.6706719891559407, 2182 216 47 ,,
3, 4, 1, -0.6706719891559407, 48 2855 571 ,,
3, 4, 1, -0.6706719891559407, 2517 1422 2766 ,,
3, 4, 1, -0.6706719891559407, 993 2374 855 ,,
3, 4, 1, -0.6706719891559407, 625 1142 2295 ,,
14, 40, 9, -0.8689272594382733, 1248 2594 329 427 2038 2615 1336 2713 2875 187 732 1757 926 414 ,,
3, 4, 1, -0.6706719891559407, 961 2802 1704 ,,
3, 4, 1, -0.6706719891559407, 2134 2093 1262 ,,
3, 4, 1, -0.6706719891559407, 721 1571 1770 ,,
3, 4, 1, -0.6706719891559407, 2737 2572 2350 ,,
8, 16, 2, -0.8456292446595165, 2768 2320 2529 2865 996 2484 2839 623 ,,
3, 4, 1, -0.6706719891559407, 1874 1427 2868 ,,
3, 4, 1, -0.6706719891559407, 2835 828 2094 ,,
3, 4, 1, -0.6706719891559407, 2592 1394 2148 ,,
3, 4, 1, -0.6706719891559407, 656 1473 2141 ,,
3, 4, 1, -0.6706719891559407, 904 1034 1692 ,,
3, 4, 1, -0.6706719891559407, 2723 1094 2895 ,,
9, 20, 2, -0.968549437063929, 2258 946 738 595 247 2712 1848 2571 2591 ,,
3, 4, 1, -0.6706719891559407, 1472 2716 2015 ,,
3, 4, 1, -0.6706719891559407, 2114 2517 1467 ,,
13, 36, 5, -0.9915562674808777, 2560 1378 99 421 73 1549 2895 851 758 1366 1820 2749 1823 ,,
3, 4, 1, -0.6706719891559407, 449 1044 44 ,,
9, 20, 4, -0.959688613776341, 1200 2402 1972 1704 2040 411 974 2350 447 ,,
3, 4, 1, -0.6706719891559407, 1312 1729 2269 ,,
14, 40, 9, -0.8849317879566996, 1921 1029 2442 427 1228 1837 462 2094 1300 1556 2261 1885 2782 479 ,,
3, 4, 1, -0.6706719891559407, 1910 2825 2719 ,,
7, 14, 2, -0.8137449283405466, 2161 1011 2084 1558 247 810 622 ,,
16, 50, 17, -0.9346079166830613, 1825 2817 1507 1540 1574 2631 2632 75 622 2452 1558 886 441 1981 2719 1855 ,,
3, 4, 1, -0.6706719891559407, 2723 1451 959 ,,
3, 4, 1, -0.6706719891559407, 401 299 925 ,,
3, 4, 1, -0.6706719891559407, 2185 874 47 ,,
3, 4, 1, -0.6706719891559407, 48 1794 893 ,,
9, 20, 4, -0.9543798858200282, 945 1762 692 500 344 1609 187 859 1247 ,,
3, 4, 1, -0.6706719891559407, 2003 855 2378 ,,
8, 16, 2, -0.9167816203859176, 1266 1797 837 1142 486 70 2072 2222 ,,
3, 4, 1, -0.6706719891559407, 1262 1470 1919 ,,
14, 42, 7, -1.0107045822971483, 416 1665 1346 1730 2472 1612 2636 1869 1168 1139 374 153 2396 2462 ,,
3, 4, 1, -0.6706719891559407, 2229 2693 300 ,,
3, 4, 1, -0.6706719891559407, 2161 1169 303 ,,
3, 4, 1, -0.6706719891559407, 1770 1579 2015 ,,
18, 58, 15, -0.8139175896868828, 609 1798 1574 1383 1063 1929 203 622 529 1523 2132 149 1558 2646 955 924 893 2333 ,,
3, 4, 1, -0.6706719891559407, 2148 217 713 ,,
3, 4, 1, -0.6706719891559407, 2723 1779 2589 ,,
3, 4, 1, -0.6706719891559407, 2756 2426 2716 ,,
3, 4, 1, -0.6706719891559407, 1874 2618 1148 ,,
3, 4, 1, -0.6706719891559407, 1793 2141 2655 ,,
3, 4, 1, -0.6706719891559407, 722 628 2553 ,,
3, 4, 1, -0.6706719891559407, 2067 406 44 ,,
3, 4, 1, -0.6706719891559407, 720 2504 1805 ,,
22, 64, 13, -0.8146395016861925, 866 2627 1027 2371 324 776 170 138 1291 2732 2543 528 2034 1491 2099 885 2550 344 2553 986 859 476 ,,
3, 4, 1, -0.6706719891559407, 1329 1938 1034 ,,
3, 4, 1, -0.6706719891559407, 214 1389 2847 ,,
3, 4, 1, -0.6706719891559407, 1746 1704 1417 ,,
8, 16, 2, -0.8456292446595165, 865 1729 2339 948 373 2454 1468 1615 ,,
3, 4, 1, -0.6706719891559407, 1329 2580 293 ,,
3, 4, 1, -0.6706719891559407, 1221 982 1910 ,,
3, 4, 1, -0.6706719891559407, 1510 2087 2571 ,,
3, 4, 1, -0.6706719891559407, 548 1034 1982 ,,
3, 4, 1, -0.6706719891559407, 1681 1466 2141 ,,
9, 20, 4, -0.7580328702903567, 2464 1604 2517 693 1690 155 939 397 479 ,,
3, 4, 1, -0.6706719891559407, 978 664 47 ,,
3, 4, 1, -0.6706719891559407, 48 369 286 ,,
9, 20, 4, -0.9543798858200282, 242 1237 918 2567 409 1034 2411 2332 1372 ,,
3, 4, 1, -0.6706719891559407, 1925 1768 1262 ,,
3, 4, 1, -0.6706719891559407, 2056 1546 477 ,,
8, 16, 2, -0.9167816203859176, 2564 120 2361 2122 1931 540 1901 702 ,,
3, 4, 1, -0.6706719891559407, 2369 2596 2373 ,,
3, 4, 1, -0.6706719891559407, 592 646 855 ,,
3, 4, 1, -0.6706719891559407, 1288 524 909 ,,
3, 4, 1, -0.6706719891559407, 1699 963 1273 ,,
3, 4, 1, -0.6706719891559407, 2662 1272 1770 ,,
3, 4, 1, -0.6706719891559407, 1874 1287 1418 ,,
8, 16, 2, -0.8456292446595165, 1056 1762 2130 2148 900 1193 1355 2605 ,,
3, 4, 1, -0.6706719891559407, 2161 1847 2792 ,,
18, 46, 9, -0.9109969400088518, 2048 961 1858 2313 587 715 2316 2704 1173 2485 2871 2008 1594 1339 541 1533 253 94 ,,
3, 4, 1, -0.6706719891559407, 963 22 440 ,,
3, 4, 1, -0.6706719891559407, 1530 44 1631 ,,
3, 4, 1, -0.6706719891559407, 531 2776 1389 ,,
3, 4, 1, -0.6706719891559407, 1910 871 2655 ,,
3, 4, 1, -0.6706719891559407, 884 2427 2716 ,,
3, 4, 1, -0.6706719891559407, 68 2661 111 ,,
3, 4, 1, -0.6706719891559407, 2723 2282 2590 ,,
3, 4, 1, -0.6706719891559407, 720 2740 2333 ,,
14, 42, 7, -0.9807257186715268, 2144 193 2370 195 326 1030 1736 1001 2768 182 88 250 378 2239 ,,
3, 4, 1, -0.6706719891559407, 1066 2604 2141 ,,
3, 4, 1, -0.6706719891559407, 1296 1746 2350 ,,
3, 4, 1, -0.6706719891559407, 1699 742 47 ,,
3, 4, 1, -0.6706719891559407, 2595 2678 2087 ,,
3, 4, 1, -0.6706719891559407, 48 1673 1070 ,,
3, 4, 1, -0.6706719891559407, 2802 2313 2586 ,,
3, 4, 1, -0.6706719891559407, 1744 199 2202 ,,
3, 4, 1, -0.6706719891559407, 370 1062 1880 ,,
3, 4, 1, -0.6706719891559407, 477 830 2111 ,,
9, 20, 2, -0.9543798858200282, 2642 628 2693 1703 1417 761 2555 476 1437 ,,
3, 4, 1, -0.6706719891559407, 2787 1399 588 ,,
22, 64, 17, -0.798866661204921, 1345 931 1702 103 2025 810 2701 398 1872 1265 755 1076 1012 534 823 1400 634 2043 2398 1279 1567 1887 ,,
11, 28, 3, -1.0198212999071288, 627 580 805 2645 150 2487 2172 909 1261 1454 1727 ,,
3, 4, 1, -0.6706719891559407, 674 855 778 ,,
8, 20, 2, -0.9743906148987422, 946 146 979 663 667 60 1310 1086 ,,
3, 4, 1, -0.6706719891559407, 2832 1547 1389 ,,
3, 4, 1, -0.6706719891559407, 937 1770 1053 ,,
3, 4, 1, -0.6706719891559407, 436 2791 2141 ,,
3, 4, 1, -0.6706719891559407, 504 2891 1262 ,,
3, 4, 1, -0.6706719891559407, 848 1874 687 ,,
3, 4, 1, -0.6706719891559407, 2161 2230 2283 ,,
8, 16, 2, -0.9167816203859176, 1730 771 1861 261 2489 45 1437 767 ,,
3, 4, 1, -0.6706719891559407, 1652 749 47 ,,
3, 4, 1, -0.6706719891559407, 2672 1910 1550 ,,
3, 4, 1, -0.6706719891559407, 657 2716 46 ,,
3, 4, 1, -0.6706719891559407, 720 2146 1418 ,,
3, 4, 1, -0.6706719891559407, 2082 1885 2094 ,,
3, 4, 1, -0.6706719891559407, 720 2373 2159 ,,
3, 4, 1, -0.6706719891559407, 576 1240 44 ,,
3, 4, 1, -0.6706719891559407, 1712 68 1192 ,,
15, 38, 7, -0.9635350520482606, 2432 1761 1313 2306 1511 2439 615 1417 2633 108 2802 887 2329 1500 2271 ,,
3, 4, 1, -0.6706719891559407, 1585 300 1247 ,,
9, 20, 2, -0.968549437063929, 388 1173 166 1336 1129 427 908 94 1583 ,,
16, 42, 5, -0.8937173168592146, 293 1349 2373 1862 199 2855 456 648 457 2380 2065 2069 1047 2104 1084 924 ,,
3, 4, 1, -0.6706719891559407, 176 506 1262 ,,
9, 20, 2, -0.968549437063929, 963 1079 2186 747 316 2429 573 1085 1999 ,,
9, 20, 4, -0.8657819437607011, 2672 2433 401 1638 390 72 2409 1981 2078 ,,
3, 4, 1, -0.6706719891559407, 2632 1224 943 ,,
3, 4, 1, -0.6706719891559407, 2087 569 831 ,,
8, 20, 4, -0.8823206635074992, 2097 2019 1427 2452 2646 75 1164 2477 ,,
3, 4, 1, -0.6706719891559407, 1297 2567 2139 ,,
3, 4, 1, -0.6706719891559407, 48 1507 1929 ,,
3, 4, 1, -0.6706719891559407, 2887 2712 2077 ,,
3, 4, 1, -0.6706719891559407, 2723 1368 296 ,,
3, 4, 1, -0.6706719891559407, 1190 2350 447 ,,
3, 4, 1, -0.6706719891559407, 1557 300 2221 ,,
3, 4, 1, -0.6706719891559407, 1491 1690 187 ,,
3, 4, 1, -0.6706719891559407, 55 1034 205 ,,
3, 4, 1, -0.6706719891559407, 370 1011 1229 ,,
3, 4, 1, -0.6706719891559407, 2805 857 477 ,,
3, 4, 1, -0.6706719891559407, 984 219 2335 ,,
9, 20, 4, -0.89133545676937, 2834 867 1827 2627 2359 538 1004 925 1597 ,,
3, 4, 1, -0.6706719891559407, 996 2666 1101 ,,
3, 4, 1, -0.6706719891559407, 1049 588 1198 ,,
3, 4, 1, -0.6706719891559407, 1654 855 1785 ,,
9, 20, 4, -0.8657819437607011, 2531 1605 1494 278 71 952 200 970 894 ,,
3, 4, 1, -0.6706719891559407, 2898 2845 1389 ,,
17, 46, 5, -0.9322793924236875, 2880 483 521 1355 2091 2029 2605 2673 1426 2514 434 1747 822 1690 605 1694 ,,
3, 4, 1, -0.6706719891559407, 2534 1142 1662 ,,
3, 4, 1, -0.6706719891559407, 762 173 1262 ,,
3, 4, 1, -0.6706719891559407, 2273 1874 631 ,,
3, 4, 1, -0.6706719891559407, 2592 1770 2814 ,,
3, 4, 1, -0.6706719891559407, 2208 1910 2552 ,,
3, 4, 1, -0.6706719891559407, 2886 2094 2782 ,,
3, 4, 1, -0.6706719891559407, 2161 1794 1867 ,,
3, 4, 1, -0.6706719891559407, 2802 1829 8 ,,
3, 4, 1, -0.6706719891559407, 485 396 2716 ,,
3, 4, 1, -0.6706719891559407, 2647 2891 1103 ,,
3, 4, 1, -0.6706719891559407, 48 44 911 ,,
3, 4, 1, -0.6706719891559407, 68 840 137 ,,
3, 4, 1, -0.6706719891559407, 2087 904 1482 ,,
3, 4, 1, -0.6706719891559407, 187 1596 381 ,,
8, 16, 2, -0.9167816203859176, 2369 674 1670 199 1495 2538 778 2527 ,,
8, 16, 2, -0.9167816203859176, 2242 1427 1605 839 2632 713 1563 2172 ,,
3, 4, 1, -0.6706719891559407, 1729 853 695 ,,
3, 4, 1, -0.6706719891559407, 674 811 590 ,,
9, 20, 4, -0.89133545676937, 886 294 71 696 2648 1352 970 75 1855 ,,
3, 4, 1, -0.6706719891559407, 1811 996 2644 ,,
12, 34, 7, -0.7760940878903629, 850 708 2741 662 1704 1688 24 953 1866 811 2350 2639 ,,
13, 44, 8, -0.8893059928293537, 1858 707 1893 518 908 1423 114 2163 2234 92 541 1247 1023 ,,
3, 4, 1, -0.6706719891559407, 848 2019 63 ,,
3, 4, 1, -0.6706719891559407, 2613 2198 2139 ,,
3, 4, 1, -0.6706719891559407, 1057 274 2141 ,,
9, 20, 2, -0.968549437063929, 1264 1458 50 1844 234 1850 2571 2268 655 ,,
3, 4, 1, -0.6706719891559407, 2370 2083 1750 ,,
3, 4, 1, -0.6706719891559407, 312 2712 617 ,,
3, 4, 1, -0.6706719891559407, 419 612 2716 ,,
3, 4, 1, -0.6706719891559407, 2243 2723 700 ,,
3, 4, 1, -0.6706719891559407, 2386 922 47 ,,
3, 4, 1, -0.6706719891559407, 2305 1634 44 ,,
3, 4, 1, -0.6706719891559407, 99 409 1982 ,,
3, 4, 1, -0.6706719891559407, 80 149 955 ,,
8, 16, 2, -0.8456292446595165, 800 2480 2112 1025 2883 219 1390 2719 ,,
3, 4, 1, -0.6706719891559407, 720 2161 2452 ,,
3, 4, 1, -0.6706719891559407, 1034 2475 2223 ,,
3, 4, 1, -0.6706719891559407, 1537 2532 293 ,,
3, 4, 1, -0.6706719891559407, 2007 300 1663 ,,
3, 4, 1, -0.6706719891559407, 917 2874 639 ,,
14, 40, 9, -0.8849199105657403, 2602 1739 2124 2030 1072 2736 2513 370 1618 1493 1110 2232 2872 1245 ,,
3, 4, 1, -0.6706719891559407, 966 477 2495 ,,
3, 4, 1, -0.6706719891559407, 226 1782 540 ,,
3, 4, 1, -0.6706719891559407, 545 588 830 ,,
3, 4, 1, -0.6706719891559407, 855 2554 2861 ,,
9, 20, 4, -0.89133545676937, 1809 2114 1650 1315 2627 1096 2842 925 302 ,,
3, 4, 1, -0.6706719891559407, 2658 1142 2079 ,,
3, 4, 1, -0.6706719891559407, 293 969 1693 ,,
3, 4, 1, -0.6706719891559407, 1137 632 665 ,,
3, 4, 1, -0.6706719891559407, 672 1960 1276 ,,
3, 4, 1, -0.6706719891559407, 1792 1320 1389 ,,
3, 4, 1, -0.6706719891559407, 429 1214 1262 ,,
3, 4, 1, -0.6706719891559407, 1729 1067 2846 ,,
8, 16, 2, -0.8456292446595165, 2337 1329 2102 1382 967 1721 2634 396 ,,
3, 4, 1, -0.6706719891559407, 803 1574 1996 ,,
3, 4, 1, -0.6706719891559407, 2006 263 1770 ,,
3, 4, 1, -0.6706719891559407, 1874 1321 1497 ,,
3, 4, 1, -0.6706719891559407, 1346 538 1947 ,,
3, 4, 1, -0.6706719891559407, 1605 987 1855 ,,
3, 4, 1, -0.6706719891559407, 1910 2055 2792 ,,
3, 4, 1, -0.6706719891559407, 2100 2087 637 ,,
3, 4, 1, -0.6706719891559407, 392 2891 2141 ,,
3, 4, 1, -0.6706719891559407, 505 1038 2094 ,,
3, 4, 1, -0.6706719891559407, 2802 1858 1700 ,,
3, 4, 1, -0.6706719891559407, 2148 2408 1439 ,,
3, 4, 1, -0.6706719891559407, 2433 1149 2895 ,,
3, 4, 1, -0.6706719891559407, 1187 2517 2430 ,,
3, 4, 1, -0.6706719891559407, 48 2205 1821 ,,
3, 4, 1, -0.6706719891559407, 68 1733 920 ,,
13, 36, 7, -0.9834867912290658, 322 131 262 390 1926 1670 839 2607 720 2706 1881 1820 1791 ,,
3, 4, 1, -0.6706719891559407, 898 82 1949 ,,
3, 4, 1, -0.6706719891559407, 1397 27 396 ,,
3, 4, 1, -0.6706719891559407, 1577 187 2879 ,,
3, 4, 1, -0.6706719891559407, 421 1687 409 ,,
3, 4, 1, -0.6706719891559407, 209 1298 969 ,,
4, 8, 2, -0.6754599597605284, 1764 2117 2567 809 ,,
3, 4, 1, -0.6706719891559407, 1611 1389 2094 ,,
3, 4, 1, -0.6706719891559407, 2353 995 2484 ,,
3, 4, 1, -0.6706719891559407, 944 2311 522 ,,
3, 4, 1, -0.6706719891559407, 1200 148 811 ,,
3, 4, 1, -0.6706719891559407, 2307 856 904 ,,
3, 4, 1, -0.6706719891559407, 996 1526 1405 ,,
3, 4, 1, -0.6706719891559407, 194 1381 2716 ,,
8, 16, 2, -0.9167816203859176, 962 2019 2230 2631 2603 1164 141 2751 ,,
3, 4, 1, -0.6706719891559407, 2364 2895 15 ,,
3, 4, 1, -0.6706719891559407, 915 2093 653 ,,
3, 4, 1, -0.6706719891559407, 1137 2808 665 ,,
8, 16, 2, -0.9167816203859176, 1443 20 2102 2343 695 1276 1516 2895 ,,
8, 20, 4, -0.9484294341351667, 866 2038 1302 711 1177 1003 926 2543 ,,
8, 16, 2, -0.9167816203859176, 2112 2241 2706 229 839 2807 923 383 ,,
3, 4, 1, -0.6706719891559407, 2724 2614 2139 ,,
3, 4, 1, -0.6706719891559407, 2146 1496 1454 ,,
3, 4, 1, -0.6706719891559407, 1729 581 181 ,,
3, 4, 1, -0.6706719891559407, 768 2161 2618 ,,
3, 4, 1, -0.6706719891559407, 2627 2553 413 ,,
3, 4, 1, -0.6706719891559407, 2723 829 1278 ,,
11, 28, 5, -0.8995489040095432, 464 1521 2340 2693 1046 2630 1885 1437 126 2415 127 ,,
3, 4, 1, -0.6706719891559407, 213 2712 2591 ,,
10, 24, 5, -0.8920010129597387, 2370 1017 2779 2187 780 1900 1949 2317 973 2479 ,,
3, 4, 1, -0.6706719891559407, 2362 2891 747 ,,
3, 4, 1, -0.6706719891559407, 1649 289 2874 ,,
3, 4, 1, -0.6706719891559407, 1908 2219 47 ,,
3, 4, 1, -0.6706719891559407, 826 2379 44 ,,
3, 4, 1, -0.6706719891559407, 2256 99 1933 ,,
3, 4, 1, -0.6706719891559407, 1574 680 1563 ,,
3, 4, 1, -0.6706719891559407, 1078 2203 300 ,,
3, 4, 1, -0.6706719891559407, 522 1964 477 ,,
3, 4, 1, -0.6706719891559407, 1523 149 223 ,,
3, 4, 1, -0.6706719891559407, 2681 588 1997 ,,
3, 4, 1, -0.6706719891559407, 1527 540 1391 ,,
3, 4, 1, -0.6706719891559407, 1750 1432 809 ,,
3, 4, 1, -0.6706719891559407, 930 855 1307 ,,
9, 20, 4, -0.8657819437607011, 1360 2449 1265 819 1222 2490 684 1887 511 ,,
3, 4, 1, -0.6706719891559407, 1034 1851 1341 ,,
3, 4, 1, -0.6706719891559407, 2579 1124 917 ,,
3, 4, 1, -0.6706719891559407, 1137 579 430 ,,
3, 4, 1, -0.6706719891559407, 2578 1142 1656 ,,
3, 4, 1, -0.6706719891559407, 873 2667 1262 ,,
3, 4, 1, -0.6706719891559407, 917 507 1389 ,,
3, 4, 1, -0.6706719891559407, 2098 1320 1785 ,,
3, 4, 1, -0.6706719891559407, 1443 1319 904 ,,
3, 4, 1, -0.6706719891559407, 1770 477 367 ,,
3, 4, 1, -0.6706719891559407, 1730 1724 124 ,,
3, 4, 1, -0.6706719891559407, 916 631 1855 ,,
3, 4, 1, -0.6706719891559407, 624 1874 1916 ,,
3, 4, 1, -0.6706719891559407, 1910 1418 286 ,,
3, 4, 1, -0.6706719891559407, 900 2087 1578 ,,
3, 4, 1, -0.6706719891559407, 594 706 2094 ,,
3, 4, 1, -0.6706719891559407, 2517 2382 1806 ,,
3, 4, 1, -0.6706719891559407, 2385 82 252 ,,
3, 4, 1, -0.6706719891559407, 1732 2139 1917 ,,
3, 4, 1, -0.6706719891559407, 1368 2811 2141 ,,
3, 4, 1, -0.6706719891559407, 2161 886 1383 ,,
3, 4, 1, -0.6706719891559407, 2148 1293 895 ,,
9, 20, 4, -0.9543798858200282, 2848 2784 1159 2759 1032 2297 1102 1038 2142 ,,
3, 4, 1, -0.6706719891559407, 1521 422 2350 ,,
3, 4, 1, -0.6706719891559407, 2370 1737 1196 ,,
3, 4, 1, -0.6706719891559407, 528 290 2553 ,,
3, 4, 1, -0.6706719891559407, 2802 1833 846 ,,
3, 4, 1, -0.6706719891559407, 629 969 202 ,,
3, 4, 1, -0.6706719891559407, 979 2100 2167 ,,
3, 4, 1, -0.6706719891559407, 48 1541 1375 ,,
3, 4, 1, -0.6706719891559407, 1542 44 1852 ,,
3, 4, 1, -0.6706719891559407, 68 2212 891 ,,
3, 4, 1, -0.6706719891559407, 1424 187 1356 ,,
3, 4, 1, -0.6706719891559407, 1569 409 2332 ,,
9, 20, 2, -0.968549437063929, 935 2587 1548 2413 285 109 2366 735 2319 ,,
3, 4, 1, -0.6706719891559407, 610 87 476 ,,
3, 4, 1, -0.6706719891559407, 2372 293 1050 ,,
3, 4, 1, -0.6706719891559407, 2842 538 2717 ,,
3, 4, 1, -0.6706719891559407, 2161 2273 730 ,,
8, 16, 2, -0.9318217478010357, 1314 2310 967 2617 1002 396 1212 1215 ,,
3, 4, 1, -0.6706719891559407, 2184 811 2572 ,,
3, 4, 1, -0.6706719891559407, 914 567 1357 ,,
3, 4, 1, -0.6706719891559407, 995 1064 442 ,,
3, 4, 1, -0.6706719891559407, 915 120 1529 ,,
3, 4, 1, -0.6706719891559407, 2659 996 2574 ,,
3, 4, 1, -0.6706719891559407, 179 1549 1551 ,,
3, 4, 1, -0.6706719891559407, 39 1964 1389 ,,
3, 4, 1, -0.6706719891559407, 1491 2553 746 ,,
3, 4, 1, -0.6706719891559407, 98 2087 2268 ,,
3, 4, 1, -0.6706719891559407, 501 2806 1770 ,,
3, 4, 1, -0.6706719891559407, 693 412 1837 ,,
3, 4, 1, -0.6706719891559407, 2196 1869 766 ,,
3, 4, 1, -0.6706719891559407, 1796 2038 760 ,,
3, 4, 1, -0.6706719891559407, 2084 2381 446 ,,
3, 4, 1, -0.6706719891559407, 2146 1892 1288 ,,
3, 4, 1, -0.6706719891559407, 966 2311 1783 ,,
8, 20, 4, -0.8220893411295556, 1825 2306 498 2758 390 886 764 2271 ,,
3, 4, 1, -0.6706719891559407, 2373 2839 783 ,,
14, 42, 13, -0.7763345606748374, 2496 2816 1856 835 1060 1766 1990 2568 273 2225 1363 2549 2396 2783 ,,
9, 20, 4, -0.89133545676937, 352 1393 2529 2726 553 539 667 2412 591 ,,
3, 4, 1, -0.6706719891559407, 1521 472 2543 ,,
3, 4, 1, -0.6706719891559407, 1941 1197 2655 ,,
3, 4, 1, -0.6706719891559407, 663 2712 1545 ,,
3, 4, 1, -0.6706719891559407, 740 2716 207 ,,
3, 4, 1, -0.6706719891559407, 2723 2565 1462 ,,
9, 20, 2, -0.968549437063929, 1218 2274 1922 2324 1428 904 139 333 2863 ,,
3, 4, 1, -0.6706719891559407, 1323 1614 47 ,,
3, 4, 1, -0.6706719891559407, 2456 2874 2235 ,,
3, 4, 1, -0.6706719891559407, 2891 1853 269 ,,
3, 4, 1, -0.6706719891559407, 577 149 1897 ,,
3, 4, 1, -0.6706719891559407, 99 2522 954 ,,
3, 4, 1, -0.6706719891559407, 1609 251 300 ,,
12, 36, 9, -0.822183245219513, 1216 368 1763 821 2088 104 538 714 188 29 2061 1055 ,,
8, 16, 2, -0.9167816203859176, 1681 1750 1624 409 1465 698 2655 1695 ,,
3, 4, 1, -0.6706719891559407, 961 760 427 ,,
3, 4, 1, -0.6706719891559407, 1617 1979 540 ,,
3, 4, 1, -0.6706719891559407, 966 279 588 ,,
3, 4, 1, -0.6706719891559407, 2433 979 299 ,,
3, 4, 1, -0.6706719891559407, 855 584 2653 ,,
3, 4, 1, -0.6706719891559407, 2304 809 334 ,,
8, 20, 2, -0.9484294341351667, 1168 2032 881 2114 1989 2329 2842 1422 ,,
9, 20, 2, -0.968549437063929, 1840 688 1217 2625 804 917 2309 1308 110 ,,
3, 4, 1, -0.6706719891559407, 963 487 2494 ,,
3, 4, 1, -0.6706719891559407, 1034 1643 636 ,,
3, 4, 1, -0.6706719891559407, 1137 1671 1967 ,,
3, 4, 1, -0.6706719891559407, 1320 2349 2847 ,,
3, 4, 1, -0.6706719891559407, 1139 2436 1006 ,,
3, 4, 1, -0.6706719891559407, 486 2425 1262 ,,
3, 4, 1, -0.6706719891559407, 739 1142 1150 ,,
3, 4, 1, -0.6706719891559407, 1443 1187 2644 ,,
3, 4, 1, -0.6706719891559407, 2129 371 1549 ,,
3, 4, 1, -0.6706719891559407, 1491 2568 479 ,,
3, 4, 1, -0.6706719891559407, 2452 2708 1574 ,,
3, 4, 1, -0.6706719891559407, 1729 343 72 ,,
3, 4, 1, -0.6706719891559407, 1761 2501 2719 ,,
3, 4, 1, -0.6706719891559407, 946 2469 1981 ,,
3, 4, 1, -0.6706719891559407, 1730 2426 2795 ,,
3, 4, 1, -0.6706719891559407, 71 1855 1247 ,,
3, 4, 1, -0.6706719891559407, 1874 9 555 ,,
3, 4, 1, -0.6706719891559407, 1841 2139 1773 ,,
3, 4, 1, -0.6706719891559407, 2817 2242 2567 ,,
3, 4, 1, -0.6706719891559407, 291 2087 1752 ,,
3, 4, 1, -0.6706719891559407, 345 2685 2094 ,,
3, 4, 1, -0.6706719891559407, 1910 1977 1274 ,,
3, 4, 1, -0.6706719891559407, 2065 2373 1791 ,,
3, 4, 1, -0.6706719891559407, 1877 460 2141 ,,
3, 4, 1, -0.6706719891559407, 1376 2160 1403 ,,
3, 4, 1, -0.6706719891559407, 2370 2724 2750 ,,
3, 4, 1, -0.6706719891559407, 2450 2148 1994 ,,
3, 4, 1, -0.6706719891559407, 16 2571 2268 ,,
3, 4, 1, -0.6706719891559407, 68 940 1902 ,,
3, 4, 1, -0.6706719891559407, 2288 278 2655 ,,
3, 4, 1, -0.6706719891559407, 562 2517 343 ,,
3, 4, 1, -0.6706719891559407, 2050 662 2350 ,,
3, 4, 1, -0.6706719891559407, 358 2311 1256 ,,
3, 4, 1, -0.6706719891559407, 48 759 2503 ,,
3, 4, 1, -0.6706719891559407, 49 2646 346 ,,
3, 4, 1, -0.6706719891559407, 2066 1524 44 ,,
3, 4, 1, -0.6706719891559407, 2704 2802 489 ,,
3, 4, 1, -0.6706719891559407, 1602 82 2254 ,,
3, 4, 1, -0.6706719891559407, 2891 668 2268 ,,
3, 4, 1, -0.6706719891559407, 57 329 476 ,,
3, 4, 1, -0.6706719891559407, 176 1618 510 ,,
3, 4, 1, -0.6706719891559407, 2752 187 814 ,,
3, 4, 1, -0.6706719891559407, 1750 189 254 ,,
3, 4, 1, -0.6706719891559407, 2722 915 1258 ,,
3, 4, 1, -0.6706719891559407, 2003 2564 293 ,,
3, 4, 1, -0.6706719891559407, 199 216 1646 ,,
3, 4, 1, -0.6706719891559407, 2115 2043 398 ,,
3, 4, 1, -0.6706719891559407, 976 1048 477 ,,
3, 4, 1, -0.6706719891559407, 1904 421 42 ,,
7, 16, 2, -0.7962026435142381, 176 1331 1828 726 1512 798 735 ,,
3, 4, 1, -0.6706719891559407, 2768 914 88 ,,
3, 4, 1, -0.6706719891559407, 2737 1204 811 ,,
8, 20, 2, -0.9743906148987422, 673 866 2594 1666 1639 1979 380 1007 ,,
3, 4, 1, -0.6706719891559407, 2308 200 894 ,,
3, 4, 1, -0.6706719891559407, 544 969 1727 ,,
3, 4, 1, -0.6706719891559407, 1604 1814 1295 ,,
3, 4, 1, -0.6706719891559407, 979 2712 831 ,,
8, 16, 2, -0.9167816203859176, 1648 995 1587 1623 361 1019 719 2799 ,,
3, 4, 1, -0.6706719891559407, 1747 1491 1556 ,,
3, 4, 1, -0.6706719891559407, 689 1187 996 ,,
3, 4, 1, -0.6706719891559407, 2041 2653 1389 ,,
3, 4, 1, -0.6706719891559407, 2727 1770 318 ,,
3, 4, 1, -0.6706719891559407, 578 2835 1837 ,,
8, 16, 2, -0.9167816203859176, 1712 1154 1160 1914 235 1869 1151 2687 ,,
8, 16, 2, -0.9167816203859176, 320 225 1893 550 2393 2234 92 348 ,,
3, 4, 1, -0.6706719891559407, 706 2179 2038 ,,
9, 20, 4, -0.7580328702903567, 129 2084 1620 1381 1222 408 365 2174 1887 ,,
3, 4, 1, -0.6706719891559407, 1587 2333 2141 ,,
3, 4, 1, -0.6706719891559407, 2146 1402 2141 ,,
3, 4, 1, -0.6706719891559407, 2161 2646 696 ,,
3, 4, 1, -0.6706719891559407, 2720 2311 2301 ,,
3, 4, 1, -0.6706719891559407, 1489 2517 2334 ,,
5, 10, 2, -0.8745315566078379, 1904 2632 1965 845 1855 ,,
8, 16, 2, -0.8456292446595165, 1600 1380 1989 2359 2119 762 398 1567 ,,
3, 4, 1, -0.6706719891559407, 1344 885 2553 ,,
3, 4, 1, -0.6706719891559407, 1896 2746 2543 ,,
3, 4, 1, -0.6706719891559407, 2610 643 2646 ,,
3, 4, 1, -0.6706719891559407, 272 2716 767 ,,
3, 4, 1, -0.6706719891559407, 2567 952 1933 ,,
3, 4, 1, -0.6706719891559407, 1250 2709 1775 ,,
3, 4, 1, -0.6706719891559407, 820 2874 10 ,,
3, 4, 1, -0.6706719891559407, 1511 329 2719 ,,
3, 4, 1, -0.6706719891559407, 2723 2314 2748 ,,
3, 4, 1, -0.6706719891559407, 314 1740 2895 ,,
3, 4, 1, -0.6706719891559407, 99 35 2559 ,,
3, 4, 1, -0.6706719891559407, 2279 1451 47 ,,
7, 14, 2, -0.9308432170355757, 2306 149 1981 2638 2078 1855 2751 ,,
5, 10, 2, -0.8745315566078379, 738 2839 2023 219 2188 ,,
3, 4, 1, -0.6706719891559407, 277 1944 153 ,,
3, 4, 1, -0.6706719891559407, 1586 1667 363 ,,
3, 4, 1, -0.6706719891559407, 1576 1626 300 ,,
3, 4, 1, -0.6706719891559407, 2612 862 414 ,,
3, 4, 1, -0.6706719891559407, 1703 427 1583 ,,
3, 4, 1, -0.6706719891559407, 448 2763 588 ,,
3, 4, 1, -0.6706719891559407, 950 1048 538 ,,
3, 4, 1, -0.6706719891559407, 611 540 702 ,,
9, 20, 4, -0.7764997676861416, 788 1014 2839 2023 2299 2286 623 415 2335 ,,
3, 4, 1, -0.6706719891559407, 695 2519 1390 ,,
3, 4, 1, -0.6706719891559407, 2000 564 2395 ,,
3, 4, 1, -0.6706719891559407, 629 1496 909 ,,
3, 4, 1, -0.6706719891559407, 979 2277 1096 ,,
3, 4, 1, -0.6706719891559407, 2016 1137 238 ,,
3, 4, 1, -0.6706719891559407, 2117 809 2287 ,,
3, 4, 1, -0.6706719891559407, 2788 855 1050 ,,
3, 4, 1, -0.6706719891559407, 1570 2675 1604 ,,
3, 4, 1, -0.6706719891559407, 2321 914 2021 ,,
3, 4, 1, -0.6706719891559407, 1185 1299 969 ,,
3, 4, 1, -0.6706719891559407, 417 963 1438 ,,
3, 4, 1, -0.6706719891559407, 391 1034 638 ,,
3, 4, 1, -0.6706719891559407, 178 1142 2584 ,,
7, 18, 6, -0.6257902335672689, 2673 1026 1876 1834 236 1103 1439 ,,
3, 4, 1, -0.6706719891559407, 1068 13 1055 ,,
3, 4, 1, -0.6706719891559407, 18 1320 269 ,,
3, 4, 1, -0.6706719891559407, 1139 2694 26 ,,
3, 4, 1, -0.6706719891559407, 1270 510 1262 ,,
3, 4, 1, -0.6706719891559407, 1329 452 2203 ,,
3, 4, 1, -0.6706719891559407, 946 1443 870 ,,
3, 4, 1, -0.6706719891559407, 2868 982 809 ,,
3, 4, 1, -0.6706719891559407, 962 1574 2283 ,,
3, 4, 1, -0.6706719891559407, 1717 680 1549 ,,
3, 4, 1, -0.6706719891559407, 388 1690 1597 ,,
3, 4, 1, -0.6706719891559407, 1729 530 536 ,,
3, 4, 1, -0.6706719891559407, 1730 1301 767 ,,
3, 4, 1, -0.6706719891559407, 1910 2406 1277 ,,
8, 16, 2, -0.9167816203859176, 2352 1761 1235 2181 2329 2154 2540 1503 ,,
3, 4, 1, -0.6706719891559407, 1874 1895 2009 ,,
4, 8, 2, -0.6754599597605284, 1813 1031 2087 591 ,,
3, 4, 1, -0.6706719891559407, 4 491 2094 ,,
3, 4, 1, -0.6706719891559407, 1750 2139 123 ,,
9, 20, 4, -0.8657819437607011, 593 1459 620 2140 1325 846 447 1023 2047 ,,
3, 4, 1, -0.6706719891559407, 2146 697 122 ,,
3, 4, 1, -0.6706719891559407, 2148 841 2380 ,,
3, 4, 1, -0.6706719891559407, 2610 943 1535 ,,
3, 4, 1, -0.6706719891559407, 2161 2108 2220 ,,
3, 4, 1, -0.6706719891559407, 1749 2246 714 ,,
3, 4, 1, -0.6706719891559407, 2160 848 1819 ,,
3, 4, 1, -0.6706719891559407, 2370 123 670 ,,
3, 4, 1, -0.6706719891559407, 2435 2373 1886 ,,
3, 4, 1, -0.6706719891559407, 2288 650 1052 ,,
3, 4, 1, -0.6706719891559407, 2632 90 2172 ,,
3, 4, 1, -0.6706719891559407, 1417 106 2350 ,,
3, 4, 1, -0.6706719891559407, 2802 1978 253 ,,
3, 4, 1, -0.6706719891559407, 1154 2842 1435 ,,
3, 4, 1, -0.6706719891559407, 928 1335 44 ,,
3, 4, 1, -0.6706719891559407, 2243 2891 831 ,,
3, 4, 1, -0.6706719891559407, 565 2712 1054 ,,
3, 4, 1, -0.6706719891559407, 48 1233 393 ,,
3, 4, 1, -0.6706719891559407, 2609 82 1736 ,,
3, 4, 1, -0.6706719891559407, 468 187 1069 ,,
3, 4, 1, -0.6706719891559407, 1571 1148 189 ,,
3, 4, 1, -0.6706719891559407, 68 181 573 ,,
3, 4, 1, -0.6706719891559407, 199 778 942 ,,
3, 4, 1, -0.6706719891559407, 1059 219 2351 ,,
3, 4, 1, -0.6706719891559407, 293 2267 557 ,,
3, 4, 1, -0.6706719891559407, 1521 2780 220 ,,
3, 4, 1, -0.6706719891559407, 2448 2038 427 ,,
3, 4, 1, -0.6706719891559407, 421 2205 2317 ,,
3, 4, 1, -0.6706719891559407, 1411 440 829 ,,
3, 4, 1, -0.6706719891559407, 244 261 473 ,,
3, 4, 1, -0.6706719891559407, 2359 477 239 ,,
3, 4, 1, -0.6706719891559407, 2338 2583 476 ,,
3, 4, 1, -0.6706719891559407, 2291 579 2892 ,,
3, 4, 1, -0.6706719891559407, 451 665 1193 ,,
3, 4, 1, -0.6706719891559407, 1591 1207 667 ,,
3, 4, 1, -0.6706719891559407, 2480 979 2060 ,,
3, 4, 1, -0.6706719891559407, 2778 894 286 ,,
3, 4, 1, -0.6706719891559407, 2112 1161 811 ,,
3, 4, 1, -0.6706719891559407, 915 2116 1404 ,,
8, 20, 2, -0.9743906148987422, 133 1989 2277 1398 1048 2523 925 1117 ,,
8, 16, 2, -0.9318217478010357, 2353 996 2469 2342 1623 315 2799 2655 ,,
3, 4, 1, -0.6706719891559407, 2848 2082 1837 ,,
3, 4, 1, -0.6706719891559407, 2048 1173 8 ,,
3, 4, 1, -0.6706719891559407, 377 1389 2526 ,,
3, 4, 1, -0.6706719891559407, 547 1037 1262 ,,
7, 18, 6, -0.6257902335672689, 1201 321 1826 2841 1756 2302 2047 ,,
3, 4, 1, -0.6706719891559407, 1491 2566 1837 ,,
3, 4, 1, -0.6706719891559407, 2578 1770 2175 ,,
8, 18, 2, -0.9786697890636966, 2131 2148 2421 1894 998 1446 2844 1084 ,,
3, 4, 1, -0.6706719891559407, 2019 346 2271 ,,
3, 4, 1, -0.6706719891559407, 2087 682 1981 ,,
3, 4, 1, -0.6706719891559407, 2101 598 2141 ,,
3, 4, 1, -0.6706719891559407, 2104 924 2463 ,,
8, 16, 2, -0.9167816203859176, 2754 69 309 1429 2183 2362 618 1359 ,,
3, 4, 1, -0.6706719891559407, 2883 2373 2059 ,,
3, 4, 1, -0.6706719891559407, 897 564 2246 ,,
8, 18, 4, -0.8478178246457425, 84 2854 2598 1818 1035 2268 1020 847 ,,
3, 4, 1, -0.6706719891559407, 902 2311 1997 ,,
3, 4, 1, -0.6706719891559407, 24 2350 974 ,,
3, 4, 1, -0.6706719891559407, 192 2433 2232 ,,
3, 4, 1, -0.6706719891559407, 1253 182 2567 ,,
3, 4, 1, -0.6706719891559407, 2517 1645 1359 ,,
3, 4, 1, -0.6706719891559407, 1441 2627 238 ,,
3, 4, 1, -0.6706719891559407, 2800 499 2543 ,,
3, 4, 1, -0.6706719891559407, 791 2571 1039 ,,
3, 4, 1, -0.6706719891559407, 515 388 2719 ,,
8, 16, 2, -0.8456292446595165, 2034 2195 1286 1592 2296 2553 2715 2383 ,,
3, 4, 1, -0.6706719891559407, 2709 2171 2315 ,,
3, 4, 1, -0.6706719891559407, 2726 2202 1086 ,,
3, 4, 1, -0.6706719891559407, 2716 1167 1711 ,,
3, 4, 1, -0.6706719891559407, 2546 2834 1989 ,,
3, 4, 1, -0.6706719891559407, 1266 2723 2521 ,,
3, 4, 1, -0.6706719891559407, 2679 2874 1246 ,,
3, 4, 1, -0.6706719891559407, 802 2869 2776 ,,
3, 4, 1, -0.6706719891559407, 1968 2599 2895 ,,
3, 4, 1, -0.6706719891559407, 633 2893 47 ,,
3, 4, 1, -0.6706719891559407, 929 108 1503 ,,
3, 4, 1, -0.6706719891559407, 82 378 254 ,,
3, 4, 1, -0.6706719891559407, 2481 99 988 ,,
3, 4, 1, -0.6706719891559407, 149 75 622 ,,
3, 4, 1, -0.6706719891559407, 692 1723 414 ,,
3, 4, 1, -0.6706719891559407, 2736 322 202 ,,
6, 14, 4, -0.6401853871738971, 1537 965 423 1065 363 763 ,,
3, 4, 1, -0.6706719891559407, 99 1165 1726 ,,
3, 4, 1, -0.6706719891559407, 1111 153 319 ,,
3, 4, 1, -0.6706719891559407, 2471 220 2255 ,,
3, 4, 1, -0.6706719891559407, 1122 1443 649 ,,
3, 4, 1, -0.6706719891559407, 1155 1732 246 ,,
3, 4, 1, -0.6706719891559407, 1424 1203 300 ,,
3, 4, 1, -0.6706719891559407, 1296 1450 347 ,,
3, 4, 1, -0.6706719891559407, 1400 398 1567 ,,
3, 4, 1, -0.6706719891559407, 902 588 1677 ,,
3, 4, 1, -0.6706719891559407, 2405 2885 440 ,,
3, 4, 1, -0.6706719891559407, 2482 1142 813 ,,
3, 4, 1, -0.6706719891559407, 454 505 554 ,,
3, 4, 1, -0.6706719891559407, 2833 538 1612 ,,
3, 4, 1, -0.6706719891559407, 2036 2506 1034 ,,
3, 4, 1, -0.6706719891559407, 1271 283 540 ,,
3, 4, 1, -0.6706719891559407, 914 1843 2505 ,,
8, 18, 4, -0.8628579520608608, 1282 2387 628 2329 364 349 686 1583 ,,
3, 4, 1, -0.6706719891559407, 674 564 2120 ,,
3, 4, 1, -0.6706719891559407, 865 695 1738 ,,
7, 14, 2, -0.934142928433052, 1137 451 1251 1318 1657 1225 2862 ,,
3, 4, 1, -0.6706719891559407, 1186 811 2478 ,,
3, 4, 1, -0.6706719891559407, 2081 1157 855 ,,
3, 4, 1, -0.6706719891559407, 2197 1173 2630 ,,
3, 4, 1, -0.6706719891559407, 1735 2764 909 ,,
3, 4, 1, -0.6706719891559407, 963 2678 313 ,,
3, 4, 1, -0.6706719891559407, 2736 694 969 ,,
3, 4, 1, -0.6706719891559407, 1586 2373 1805 ,,
3, 4, 1, -0.6706719891559407, 2758 1574 775 ,,
3, 4, 1, -0.6706719891559407, 1749 2028 1055 ,,
4, 8, 2, -0.6754599597605284, 1139 168 155 397 ,,
3, 4, 1, -0.6706719891559407, 2597 1002 1212 ,,
3, 4, 1, -0.6706719891559407, 1689 1276 863 ,,
3, 4, 1, -0.6706719891559407, 1777 1320 1389 ,,
3, 4, 1, -0.6706719891559407, 2880 1154 1491 ,,
3, 4, 1, -0.6706719891559407, 1329 2007 559 ,,
3, 4, 1, -0.6706719891559407, 977 1604 2733 ,,
3, 4, 1, -0.6706719891559407, 2308 1910 975 ,,
3, 4, 1, -0.6706719891559407, 2146 1058 1551 ,,
3, 4, 1, -0.6706719891559407, 1558 375 1948 ,,
3, 4, 1, -0.6706719891559407, 1729 1960 1544 ,,
3, 4, 1, -0.6706719891559407, 1730 1092 568 ,,
3, 4, 1, -0.6706719891559407, 774 1690 2588 ,,
3, 4, 1, -0.6706719891559407, 193 1549 253 ,,
3, 4, 1, -0.6706719891559407, 1589 393 2299 ,,
3, 4, 1, -0.6706719891559407, 2690 1571 1736 ,,
3, 4, 1, -0.6706719891559407, 1904 893 1855 ,,
3, 4, 1, -0.6706719891559407, 1874 2500 2343 ,,
3, 4, 1, -0.6706719891559407, 1778 1880 2494 ,,
3, 4, 1, -0.6706719891559407, 1456 2087 766 ,,
8, 20, 4, -0.8220893411295556, 1586 1043 2499 1364 1786 2506 1579 1886 ,,
3, 4, 1, -0.6706719891559407, 936 347 2047 ,,
3, 4, 1, -0.6706719891559407, 1173 2038 1023 ,,
3, 4, 1, -0.6706719891559407, 352 2178 1981 ,,
3, 4, 1, -0.6706719891559407, 2160 2273 334 ,,
3, 4, 1, -0.6706719891559407, 2370 1254 2139 ,,
3, 4, 1, -0.6706719891559407, 2112 251 206 ,,
3, 4, 1, -0.6706719891559407, 404 1095 2094 ,,
3, 4, 1, -0.6706719891559407, 2288 1895 78 ,,
3, 4, 1, -0.6706719891559407, 2400 2107 2316 ,,
3, 4, 1, -0.6706719891559407, 2161 1515 1996 ,,
3, 4, 1, -0.6706719891559407, 1984 2610 1287 ,,
3, 4, 1, -0.6706719891559407, 455 667 1981 ,,
3, 4, 1, -0.6706719891559407, 2208 2561 1949 ,,
8, 16, 2, -0.9318217478010357, 705 228 2359 1528 989 1597 2461 2191 ,,
3, 4, 1, -0.6706719891559407, 1024 1046 2415 ,,
3, 4, 1, -0.6706719891559407, 2496 1363 196 ,,
3, 4, 1, -0.6706719891559407, 2452 2632 2044 ,,
3, 4, 1, -0.6706719891559407, 2574 1342 2655 ,,
3, 4, 1, -0.6706719891559407, 2768 2176 958 ,,
3, 4, 1, -0.6706719891559407, 2712 875 1804 ,,
5, 12, 4, -0.30666711461687673, 2400 2802 1074 2485 1533 ,,
3, 4, 1, -0.6706719891559407, 2114 2842 1213 ,,
3, 4, 1, -0.6706719891559407, 176 2416 1351 ,,
3, 4, 1, -0.6706719891559407, 2673 2891 1439 ,,
3, 4, 1, -0.6706719891559407, 1908 2218 44 ,,
3, 4, 1, -0.6706719891559407, 2385 630 189 ,,
3, 4, 1, -0.6706719891559407, 48 2144 1719 ,,
3, 4, 1, -0.6706719891559407, 1170 68 436 ,,
3, 4, 1, -0.6706719891559407, 1664 199 158 ,,
3, 4, 1, -0.6706719891559407, 2019 149 2751 ,,
6, 16, 2, -0.804493573888527, 2528 2512 83 1315 1734 1771 ,,
3, 4, 1, -0.6706719891559407, 1395 571 219 ,,
3, 4, 1, -0.6706719891559407, 187 91 859 ,,
3, 4, 1, -0.6706719891559407, 244 2650 45 ,,
3, 4, 1, -0.6706719891559407, 579 2165 665 ,,
3, 4, 1, -0.6706719891559407, 561 293 2157 ,,
5, 10, 2, -0.8745315566078379, 1328 388 327 2012 159 ,,
3, 4, 1, -0.6706719891559407, 2850 396 2670 ,,
3, 4, 1, -0.6706719891559407, 421 566 681 ,,
3, 4, 1, -0.6706719891559407, 1379 2179 427 ,,
3, 4, 1, -0.6706719891559407, 401 1802 495 ,,
3, 4, 1, -0.6706719891559407, 1079 473 1629 ,,
3, 4, 1, -0.6706719891559407, 1525 476 445 ,,
3, 4, 1, -0.6706719891559407, 1473 824 477 ,,
3, 4, 1, -0.6706719891559407, 1665 1139 890 ,,
3, 4, 1, -0.6706719891559407, 848 1063 680 ,,
3, 4, 1, -0.6706719891559407, 248 714 701 ,,
3, 4, 1, -0.6706719891559407, 593 1061 589 ,,
5, 12, 2, -0.7568993265094012, 1168 2032 1665 599 172 ,,
3, 4, 1, -0.6706719891559407, 2708 502 886 ,,
3, 4, 1, -0.6706719891559407, 1032 1885 2142 ,,
3, 4, 1, -0.6706719891559407, 915 2547 407 ,,
3, 4, 1, -0.6706719891559407, 361 894 1247 ,,
3, 4, 1, -0.6706719891559407, 1025 979 1412 ,,
3, 4, 1, -0.6706719891559407, 1877 236 1103 ,,
6, 16, 2, -0.804493573888527, 896 1121 663 1096 281 2204 ,,
3, 4, 1, -0.6706719891559407, 1539 1204 1630 ,,
3, 4, 1, -0.6706719891559407, 2686 510 1262 ,,
3, 4, 1, -0.6706719891559407, 356 1223 523 ,,
3, 4, 1, -0.6706719891559407, 1012 538 634 ,,
3, 4, 1, -0.6706719891559407, 594 1300 2607 ,,
3, 4, 1, -0.6706719891559407, 1265 306 2024 ,,
3, 4, 1, -0.6706719891559407, 1330 2518 1855 ,,
3, 4, 1, -0.6706719891559407, 1633 1320 1882 ,,
3, 4, 1, -0.6706719891559407, 2840 1417 1995 ,,
7, 16, 4, -0.792902932116762, 1587 278 1158 2648 952 537 2654 ,,
3, 4, 1, -0.6706719891559407, 2146 1598 1727 ,,
3, 4, 1, -0.6706719891559407, 835 1604 1902 ,,
3, 4, 1, -0.6706719891559407, 1618 1975 1785 ,,
6, 14, 2, -0.9135643959687477, 1680 1252 2340 1413 997 2217 ,,
3, 4, 1, -0.6706719891559407, 1190 1704 1707 ,,
3, 4, 1, -0.6706719891559407, 497 2870 1770 ,,
3, 4, 1, -0.6706719891559407, 1825 307 63 ,,
3, 4, 1, -0.6706719891559407, 2182 1831 459 ,,
3, 4, 1, -0.6706719891559407, 98 1844 617 ,,
4, 8, 2, -0.6754599597605284, 2899 2038 1879 2543 ,,
3, 4, 1, -0.6706719891559407, 624 2610 2104 ,,
3, 4, 1, -0.6706719891559407, 1317 2757 2139 ,,
3, 4, 1, -0.6706719891559407, 2770 2216 2141 ,,
3, 4, 1, -0.6706719891559407, 1494 2567 1497 ,,
3, 4, 1, -0.6706719891559407, 2246 2698 2414 ,,
3, 4, 1, -0.6706719891559407, 2833 1048 2319 ,,
3, 4, 1, -0.6706719891559407, 1650 2311 1198 ,,
6, 12, 2, -0.9305441081018756, 163 1045 1080 1290 2350 159 ,,
3, 4, 1, -0.6706719891559407, 2370 2757 2585 ,,
3, 4, 1, -0.6706719891559407, 592 2580 85 ,,
3, 4, 1, -0.6706719891559407, 2433 2388 495 ,,
3, 4, 1, -0.6706719891559407, 2480 723 2459 ,,
3, 4, 1, -0.6706719891559407, 32 2517 521 ,,
3, 4, 1, -0.6706719891559407, 2546 2627 1709 ,,
3, 4, 1, -0.6706719891559407, 135 2571 2125 ,,
3, 4, 1, -0.6706719891559407, 2529 265 591 ,,
3, 4, 1, -0.6706719891559407, 1169 2691 2646 ,,
3, 4, 1, -0.6706719891559407, 522 2699 237 ,,
3, 4, 1, -0.6706719891559407, 2615 2665 427 ,,
3, 4, 1, -0.6706719891559407, 1616 1513 2716 ,,
3, 4, 1, -0.6706719891559407, 1011 2381 2718 ,,
3, 4, 1, -0.6706719891559407, 1937 2709 508 ,,
3, 4, 1, -0.6706719891559407, 2834 1784 2509 ,,
3, 4, 1, -0.6706719891559407, 2625 1217 2719 ,,
3, 4, 1, -0.6706719891559407, 2723 872 844 ,,
3, 4, 1, -0.6706719891559407, 2869 1486 543 ,,
3, 4, 1, -0.6706719891559407, 2323 2874 1326 ,,
3, 4, 1, -0.6706719891559407, 2726 1147 573 ,,
3, 4, 1, -0.6706719891559407, 2521 2891 1487 ,,
3, 4, 1, -0.6706719891559407, 82 2437 2443 ,,
3, 4, 1, -0.6706719891559407, 153 2462 1838 ,,
3, 4, 1, -0.6706719891559407, 2689 1514 2895 ,,
3, 4, 1, -0.6706719891559407, 2497 1371 47 ,,
3, 4, 1, -0.6706719891559407, 2801 149 2457 ,,
3, 4, 1, -0.6706719891559407, 2200 1755 108 ,,
3, 4, 1, -0.6706719891559407, 244 964 168 ,,
3, 4, 1, -0.6706719891559407, 161 2625 642 ,,
3, 4, 1, -0.6706719891559407, 731 843 220 ,,
3, 4, 1, -0.6706719891559407, 246 2475 636 ,,
3, 4, 1, -0.6706719891559407, 388 2012 2047 ,,
3, 4, 1, -0.6706719891559407, 952 285 1070 ,,
3, 4, 1, -0.6706719891559407, 1065 363 557 ,,
3, 4, 1, -0.6706719891559407, 322 1958 1384 ,,
3, 4, 1, -0.6706719891559407, 721 1577 300 ,,
3, 4, 1, -0.6706719891559407, 2541 414 879 ,,
3, 4, 1, -0.6706719891559407, 1637 398 1279 ,,
3, 4, 1, -0.6706719891559407, 1762 2211 1247 ,,
3, 4, 1, -0.6706719891559407, 440 745 1145 ,,
3, 4, 1, -0.6706719891559407, 2889 409 1695 ,,
3, 4, 1, -0.6706719891559407, 369 571 415 ,,
3, 4, 1, -0.6706719891559407, 2726 454 2284 ,,
5, 12, 2, -0.7568993265094012, 693 1029 1945 479 1455 ,,
3, 4, 1, -0.6706719891559407, 519 1576 1659 ,,
3, 4, 1, -0.6706719891559407, 265 667 1086 ,,
3, 4, 1, -0.6706719891559407, 513 1431 574 ,,
3, 4, 1, -0.6706719891559407, 564 362 1467 ,,
3, 4, 1, -0.6706719891559407, 2576 616 1578 ,,
3, 4, 1, -0.6706719891559407, 352 1591 539 ,,
3, 4, 1, -0.6706719891559407, 1671 665 1967 ,,
3, 4, 1, -0.6706719891559407, 1852 540 1324 ,,
3, 4, 1, -0.6706719891559407, 2641 2843 588 ,,
3, 4, 1, -0.6706719891559407, 373 773 695 ,,
3, 4, 1, -0.6706719891559407, 467 618 1754 ,,
3, 4, 1, -0.6706719891559407, 1892 2773 909 ,,
5, 12, 2, -0.7568993265094012, 2736 2232 2602 795 1245 ,,
3, 4, 1, -0.6706719891559407, 193 2551 809 ,,
3, 4, 1, -0.6706719891559407, 1200 1417 2330 ,,
3, 4, 1, -0.6706719891559407, 674 1522 2684 ,,
3, 4, 1, -0.6706719891559407, 2482 810 2397 ,,
3, 4, 1, -0.6706719891559407, 2770 1688 811 ,,
3, 4, 1, -0.6706719891559407, 737 914 652 ,,
3, 4, 1, -0.6706719891559407, 2832 1281 855 ,,
3, 4, 1, -0.6706719891559407, 2545 868 2021 ,,
3, 4, 1, -0.6706719891559407, 529 1851 893 ,,
3, 4, 1, -0.6706719891559407, 549 1612 1004 ,,
3, 4, 1, -0.6706719891559407, 947 1651 2683 ,,
3, 4, 1, -0.6706719891559407, 512 468 1032 ,,
3, 4, 1, -0.6706719891559407, 963 1880 1999 ,,
3, 4, 1, -0.6706719891559407, 2496 1973 969 ,,
3, 4, 1, -0.6706719891559407, 740 967 2492 ,,
3, 4, 1, -0.6706719891559407, 1508 1034 1403 ,,
3, 4, 1, -0.6706719891559407, 1063 1950 2223 ,,
3, 4, 1, -0.6706719891559407, 1187 1064 1342 ,,
3, 4, 1, -0.6706719891559407, 1139 2682 2766 ,,
3, 4, 1, -0.6706719891559407, 1666 188 1055 ,,
3, 4, 1, -0.6706719891559407, 1033 137 635 ,,
3, 4, 1, -0.6706719891559407, 2422 473 1437 ,,
3, 4, 1, -0.6706719891559407, 1 259 1038 ,,
3, 4, 1, -0.6706719891559407, 81 1812 1276 ,,
3, 4, 1, -0.6706719891559407, 1142 1294 2222 ,,
3, 4, 1, -0.6706719891559407, 2356 2460 1212 ,,
3, 4, 1, -0.6706719891559407, 2377 1244 1615 ,,
3, 4, 1, -0.6706719891559407, 1329 1218 2293 ,,
3, 4, 1, -0.6706719891559407, 1187 891 1101 ,,
3, 4, 1, -0.6706719891559407, 2725 1208 1262 ,,
3, 4, 1, -0.6706719891559407, 1073 1382 639 ,,
3, 4, 1, -0.6706719891559407, 1654 1389 2797 ,,
3, 4, 1, -0.6706719891559407, 1443 2376 875 ,,
3, 4, 1, -0.6706719891559407, 1552 880 1491 ,,
3, 4, 1, -0.6706719891559407, 1417 489 1533 ,,
3, 4, 1, -0.6706719891559407, 1521 1885 2703 ,,
3, 4, 1, -0.6706719891559407, 2199 1512 1551 ,,
3, 4, 1, -0.6706719891559407, 419 2328 1534 ,,
3, 4, 1, -0.6706719891559407, 48 1549 1182 ,,
3, 4, 1, -0.6706719891559407, 1558 2504 297 ,,
3, 4, 1, -0.6706719891559407, 1729 2168 794 ,,
3, 4, 1, -0.6706719891559407, 817 1574 1930 ,,
3, 4, 1, -0.6706719891559407, 2354 822 1690 ,,
3, 4, 1, -0.6706719891559407, 1008 1730 571 ,,
3, 4, 1, -0.6706719891559407, 1736 1769 1083 ,,
3, 4, 1, -0.6706719891559407, 1826 1756 2302 ,,
3, 4, 1, -0.6706719891559407, 1825 1899 893 ,,
3, 4, 1, -0.6706719891559407, 1874 182 1624 ,,
3, 4, 1, -0.6706719891559407, 916 1910 1867 ,,
3, 4, 1, -0.6706719891559407, 816 1219 1933 ,,
3, 4, 1, -0.6706719891559407, 1095 1016 1837 ,,
3, 4, 1, -0.6706719891559407, 2549 1766 1990 ,,
3, 4, 1, -0.6706719891559407, 1969 1964 1838 ,,
3, 4, 1, -0.6706719891559407, 1904 390 1916 ,,
3, 4, 1, -0.6706719891559407, 2424 1949 2815 ,,
3, 4, 1, -0.6706719891559407, 2019 2037 1961 ,,
5, 10, 2, -0.8745315566078379, 2003 85 2665 2511 943 ,,
5, 10, 2, -0.8745315566078379, 2208 1249 2004 603 2332 ,,
3, 4, 1, -0.6706719891559407, 2032 1143 1836 ,,
3, 4, 1, -0.6706719891559407, 176 769 956 ,,
3, 4, 1, -0.6706719891559407, 1595 2316 2622 ,,
3, 4, 1, -0.6706719891559407, 2055 200 1855 ,,
3, 4, 1, -0.6706719891559407, 2104 75 2382 ,,
3, 4, 1, -0.6706719891559407, 145 2038 1302 ,,
3, 4, 1, -0.6706719891559407, 2087 1815 1113 ,,
3, 4, 1, -0.6706719891559407, 2860 412 2094 ,,
3, 4, 1, -0.6706719891559407, 2896 2114 2493 ,,
3, 4, 1, -0.6706719891559407, 311 2139 318 ,,
3, 4, 1, -0.6706719891559407, 2112 152 923 ,,
3, 4, 1, -0.6706719891559407, 2146 627 1725 ,,
3, 4, 1, -0.6706719891559407, 2148 517 271 ,,
3, 4, 1, -0.6706719891559407, 2160 1474 696 ,,
3, 4, 1, -0.6706719891559407, 1241 2299 571 ,,
3, 4, 1, -0.6706719891559407, 2161 1590 86 ,,
3, 4, 1, -0.6706719891559407, 1056 2288 2130 ,,
3, 4, 1, -0.6706719891559407, 2273 2817 2306 ,,
3, 4, 1, -0.6706719891559407, 2373 1786 2814 ,,
3, 4, 1, -0.6706719891559407, 1762 2423 2415 ,,
3, 4, 1, -0.6706719891559407, 2768 2290 2443 ,,
3, 4, 1, -0.6706719891559407, 256 2716 511 ,,
3, 4, 1, -0.6706719891559407, 2275 2619 2428 ,,
3, 4, 1, -0.6706719891559407, 1344 211 2543 ,,
3, 4, 1, -0.6706719891559407, 2438 2632 206 ,,
3, 4, 1, -0.6706719891559407, 2778 315 2655 ,,
3, 4, 1, -0.6706719891559407, 2673 1877 812 ,,
3, 4, 1, -0.6706719891559407, 2565 2712 15 ,,
3, 4, 1, -0.6706719891559407, 1925 118 2718 ,,
3, 4, 1, -0.6706719891559407, 2545 1923 2779 ,,
3, 4, 1, -0.6706719891559407, 2802 2871 126 ,,
3, 4, 1, -0.6706719891559407, 1670 1014 2839 ,,
3, 4, 1, -0.6706719891559407, 2842 1519 927 ,,
3, 4, 1, -0.6706719891559407, 1573 2059 44 ,,
3, 4, 1, -0.6706719891559407, 3 2441 2089 ,,
3, 4, 1, -0.6706719891559407, 1936 20 2519 ,,
3, 4, 1, -0.6706719891559407, 1152 914 189 ,,
3, 4, 1, -0.6706719891559407, 68 1306 2314 ,,
3, 4, 1, -0.6706719891559407, 1425 71 1418 ,,
3, 4, 1, -0.6706719891559407, 1844 917 110 ,,
3, 4, 1, -0.6706719891559407, 1705 396 1807 ,,
3, 4, 1, -0.6706719891559407, 285 2046 2319 ,,
3, 4, 1, -0.6706719891559407, 1236 199 607 ,,
3, 4, 1, -0.6706719891559407, 1985 2083 134 ,,
3, 4, 1, -0.6706719891559407, 293 2341 2086 ,,
3, 4, 1, -0.6706719891559407, 1541 149 2190 ,,
3, 4, 1, -0.6706719891559407, 563 2821 344 ,,
3, 4, 1, -0.6706719891559407, 1024 232 187 ,,
3, 4, 1, -0.6706719891559407, 242 2824 1372 ,,
3, 4, 1, -0.6706719891559407, 2897 219 2188 ,,
3, 4, 1, -0.6706719891559407, 322 676 331 ,,
4, 8, 2, -0.6754599597605284, 340 1640 1321 748 ,,
3, 4, 1, -0.6706719891559407, 2785 1033 381 ,,
3, 4, 1, -0.6706719891559407, 290 503 477 ,,
3, 4, 1, -0.6706719891559407, 401 484 287 ,,
3, 4, 1, -0.6706719891559407, 997 347 589 ,,
3, 4, 1, -0.6706719891559407, 1461 378 2239 ,,
3, 4, 1, -0.6706719891559407, 388 2197 1829 ,,
3, 4, 1, -0.6706719891559407, 2643 1108 440 ,,
3, 4, 1, -0.6706719891559407, 1459 2548 447 ,,
3, 4, 1, -0.6706719891559407, 421 262 107 ,,
3, 4, 1, -0.6706719891559407, 2068 456 703 ,,
3, 4, 1, -0.6706719891559407, 859 476 2509 ,,
3, 4, 1, -0.6706719891559407, 2116 439 510 ,,
4, 8, 2, -0.6754599597605284, 513 2705 2375 1727 ,,
3, 4, 1, -0.6706719891559407, 454 2442 619 ,,
3, 4, 1, -0.6706719891559407, 1618 230 475 ,,
3, 4, 1, -0.6706719891559407, 514 1413 2263 ,,
4, 8, 2, -0.6754599597605284, 839 1881 555 1134 ,,
3, 4, 1, -0.6706719891559407, 1558 680 1916 ,,
3, 4, 1, -0.6706719891559407, 1431 781 590 ,,
3, 4, 1, -0.6706719891559407, 538 1564 2525 ,,
3, 4, 1, -0.6706719891559407, 2005 776 860 ,,
3, 4, 1, -0.6706719891559407, 579 2389 2444 ,,
3, 4, 1, -0.6706719891559407, 2138 1292 702 ,,
3, 4, 1, -0.6706719891559407, 608 2054 2874 ,,
3, 4, 1, -0.6706719891559407, 611 714 2031 ,,
3, 4, 1, -0.6706719891559407, 1828 645 735 ,,
3, 4, 1, -0.6706719891559407, 2432 488 2859 ,,
3, 4, 1, -0.6706719891559407, 720 1875 998 ,,
3, 4, 1, -0.6706719891559407, 647 669 749 ,,
3, 4, 1, -0.6706719891559407, 1847 894 1855 ,,
3, 4, 1, -0.6706719891559407, 2725 798 799 ,,
3, 4, 1, -0.6706719891559407, 886 970 764 ,,
3, 4, 1, -0.6706719891559407, 103 823 2250 ,,
3, 4, 1, -0.6706719891559407, 2293 904 2863 ,,
3, 4, 1, -0.6706719891559407, 963 1715 2262 ,,
3, 4, 1, -0.6706719891559407, 881 919 1836 ,,
3, 4, 1, -0.6706719891559407, 979 1390 2719 ,,
3, 4, 1, -0.6706719891559407, 915 1260 1662 ,,
3, 4, 1, -0.6706719891559407, 1333 969 1292 ,,
3, 4, 1, -0.6706719891559407, 35 918 1687 ,,
3, 4, 1, -0.6706719891559407, 946 1804 1934 ,,
3, 4, 1, -0.6706719891559407, 995 1526 2799 ,,
3, 4, 1, -0.6706719891559407, 2208 64 1009 ,,
3, 4, 1, -0.6706719891559407, 1012 2043 1613 ,,
3, 4, 1, -0.6706719891559407, 1041 651 2302 ,,
3, 4, 1, -0.6706719891559407, 2388 1096 302 ,,
3, 4, 1, -0.6706719891559407, 2289 539 1086 ,,
3, 4, 1, -0.6706719891559407, 1090 2878 1103 ,,
3, 4, 1, -0.6706719891559407, 1025 660 1159 ,,
3, 4, 1, -0.6706719891559407, 295 1050 1614 ,,
3, 4, 1, -0.6706719891559407, 1265 1332 661 ,,
3, 4, 1, -0.6706719891559407, 1824 1207 558 ,,
3, 4, 1, -0.6706719891559407, 241 1810 1173 ,,
3, 4, 1, -0.6706719891559407, 1428 2214 1974 ,,
3, 4, 1, -0.6706719891559407, 1168 933 172 ,,
3, 4, 1, -0.6706719891559407, 2535 1223 2495 ,,
3, 4, 1, -0.6706719891559407, 354 1145 1322 ,,
3, 4, 1, -0.6706719891559407, 1169 1272 1692 ,,
3, 4, 1, -0.6706719891559407, 2132 1300 1383 ,,
3, 4, 1, -0.6706719891559407, 1320 171 847 ,,
3, 4, 1, -0.6706719891559407, 1874 1366 636 ,,
3, 4, 1, -0.6706719891559407, 564 1354 685 ,,
3, 4, 1, -0.6706719891559407, 263 2680 1948 ,,
3, 4, 1, -0.6706719891559407, 1328 2548 1021 ,,
3, 4, 1, -0.6706719891559407, 1059 1446 140 ,,
3, 4, 1, -0.6706719891559407, 539 667 1373 ,,
3, 4, 1, -0.6706719891559407, 641 2729 1437 ,,
3, 4, 1, -0.6706719891559407, 1504 851 2749 ,,
3, 4, 1, -0.6706719891559407, 931 2115 1449 ,,
3, 4, 1, -0.6706719891559407, 433 1516 1276 ,,
3, 4, 1, -0.6706719891559407, 1539 2137 46 ,,
3, 4, 1, -0.6706719891559407, 2425 1549 2847 ,,
3, 4, 1, -0.6706719891559407, 2209 1554 2629 ,,
3, 4, 1, -0.6706719891559407, 694 2711 1598 ,,
3, 4, 1, -0.6706719891559407, 1234 1605 1221 ,,
3, 4, 1, -0.6706719891559407, 1604 111 1071 ,,
3, 4, 1, -0.6706719891559407, 2562 1770 1343 ,,
3, 4, 1, -0.6706719891559407, 2864 1768 1661 ,,
3, 4, 1, -0.6706719891559407, 1760 298 1549 ,,
3, 4, 1, -0.6706719891559407, 736 243 1704 ,,
3, 4, 1, -0.6706719891559407, 1312 1689 2377 ,,
3, 4, 1, -0.6706719891559407, 1730 116 1701 ,,
3, 4, 1, -0.6706719891559407, 1921 1300 1799 ,,
3, 4, 1, -0.6706719891559407, 1618 2245 1818 ,,
3, 4, 1, -0.6706719891559407, 2275 1831 328 ,,
4, 8, 2, -0.6754599597605284, 1812 373 1350 2109 ,,
3, 4, 1, -0.6706719891559407, 1397 1863 77 ,,
3, 4, 1, -0.6706719891559407, 1111 1869 191 ,,
3, 4, 1, -0.6706719891559407, 1888 1880 313 ,,
3, 4, 1, -0.6706719891559407, 2019 2668 2413 ,,
3, 4, 1, -0.6706719891559407, 114 1893 765 ,,
3, 4, 1, -0.6706719891559407, 1981 1983 2591 ,,
3, 4, 1, -0.6706719891559407, 1906 1940 269 ,,
3, 4, 1, -0.6706719891559407, 2507 2140 2047 ,,
3, 4, 1, -0.6706719891559407, 1984 529 1385 ,,
3, 4, 1, -0.6706719891559407, 2180 1990 2568 ,,
3, 4, 1, -0.6706719891559407, 2048 280 444 ,,
3, 4, 1, -0.6706719891559407, 132 2055 987 ,,
3, 4, 1, -0.6706719891559407, 2087 1658 2589 ,,
3, 4, 1, -0.6706719891559407, 2085 125 398 ,,
3, 4, 1, -0.6706719891559407, 2102 1607 2155 ,,
3, 4, 1, -0.6706719891559407, 342 2699 2111 ,,
3, 4, 1, -0.6706719891559407, 2096 2276 671 ,,
3, 4, 1, -0.6706719891559407, 226 509 2126 ,,
3, 4, 1, -0.6706719891559407, 2693 2423 1678 ,,
3, 4, 1, -0.6706719891559407, 1185 2790 2120 ,,
3, 4, 1, -0.6706719891559407, 247 408 2174 ,,
3, 4, 1, -0.6706719891559407, 26 2141 2623 ,,
3, 4, 1, -0.6706719891559407, 2805 2311 2681 ,,
3, 4, 1, -0.6706719891559407, 189 1565 2254 ,,
3, 4, 1, -0.6706719891559407, 2417 460 812 ,,
3, 4, 1, -0.6706719891559407, 1333 2246 58 ,,
3, 4, 1, -0.6706719891559407, 2465 438 2329 ,,
4, 8, 2, -0.6754599597605284, 2529 2322 818 667 ,,
3, 4, 1, -0.6706719891559407, 2370 2292 1669 ,,
3, 4, 1, -0.6706719891559407, 674 2563 1236 ,,
3, 4, 1, -0.6706719891559407, 2434 2518 1727 ,,
3, 4, 1, -0.6706719891559407, 2550 2296 1483 ,,
3, 4, 1, -0.6706719891559407, 2470 2571 700 ,,
3, 4, 1, -0.6706719891559407, 2208 2582 2332 ,,
3, 4, 1, -0.6706719891559407, 2433 2409 1802 ,,
4, 8, 2, -0.6754599597605284, 2263 28 2014 2447 ,,
3, 4, 1, -0.6706719891559407, 2480 2167 734 ,,
3, 4, 1, -0.6706719891559407, 2148 676 1406 ,,
3, 4, 1, -0.6706719891559407, 688 2517 2827 ,,
3, 4, 1, -0.6706719891559407, 1697 2520 984 ,,
3, 4, 1, -0.6706719891559407, 2496 273 2472 ,,
3, 4, 1, -0.6706719891559407, 208 2549 335 ,,
3, 4, 1, -0.6706719891559407, 2406 2567 425 ,,
3, 4, 1, -0.6706719891559407, 960 443 2652 ,,
3, 4, 1, -0.6706719891559407, 2544 2580 2665 ,,
3, 4, 1, -0.6706719891559407, 848 2610 2463 ,,
3, 4, 1, -0.6706719891559407, 289 1442 2723 ,,
3, 4, 1, -0.6706719891559407, 2646 2680 2045 ,,
3, 4, 1, -0.6706719891559407, 343 2664 1194 ,,
3, 4, 1, -0.6706719891559407, 1240 363 2157 ,,
3, 4, 1, -0.6706719891559407, 2707 884 2406 ,,
3, 4, 1, -0.6706719891559407, 2673 2476 236 ,,
3, 4, 1, -0.6706719891559407, 2627 2525 2319 ,,
3, 4, 1, -0.6706719891559407, 2688 883 2428 ,,
3, 4, 1, -0.6706719891559407, 465 2895 751 ,,
3, 4, 1, -0.6706719891559407, 546 2709 727 ,,
3, 4, 1, -0.6706719891559407, 1369 1436 2733 ,,
3, 4, 1, -0.6706719891559407, 2834 2392 1848 ,,
3, 4, 1, -0.6706719891559407, 2784 469 136 ,,
3, 4, 1, -0.6706719891559407, 304 2869 1109 ,,
3, 4, 1, -0.6706719891559407, 712 2330 2877 ,,
3, 4, 1, -0.6706719891559407, 1238 459 2891 ,,
3, 4, 1, -0.6706719891559407, 2 1659 91 ,,
3, 4, 1, -0.6706719891559407, 48 1063 924 ,,
3, 4, 1, -0.6706719891559407, 3 2153 1453 ,,
3, 4, 1, -0.6706719891559407, 752 658 41 ,,
3, 4, 1, -0.6706719891559407, 104 2265 13 ,,
3, 4, 1, -0.6706719891559407, 1505 963 47 ,,
3, 4, 1, -0.6706719891559407, 1276 79 1983 ,,
3, 4, 1, -0.6706719891559407, 2404 42 1870 ,,
3, 4, 1, -0.6706719891559407, 1776 130 22 ,,
3, 4, 1, -0.6706719891559407, 1760 73 1820 ,,
3, 4, 1, -0.6706719891559407, 864 2210 30 ,,
3, 4, 1, -0.6706719891559407, 81 695 2073 ,,
3, 4, 1, -0.6706719891559407, 2672 616 63 ,,
3, 4, 1, -0.6706719891559407, 80 2104 1929 ,,
3, 4, 1, -0.6706719891559407, 305 1494 970 ,,
3, 4, 1, -0.6706719891559407, 2080 82 1571 ,,
3, 4, 1, -0.6706719891559407, 244 1701 458 ,,
3, 4, 1, -0.6706719891559407, 1318 90 331 ,,
3, 4, 1, -0.6706719891559407, 657 2196 153 ,,
3, 4, 1, -0.6706719891559407, 832 88 250 ,,
3, 4, 1, -0.6706719891559407, 99 25 2394 ,,
3, 4, 1, -0.6706719891559407, 100 815 1263 ,,
3, 4, 1, -0.6706719891559407, 108 2540 1358 ,,
3, 4, 1, -0.6706719891559407, 121 396 1628 ,,
3, 4, 1, -0.6706719891559407, 452 231 1227 ,,
3, 4, 1, -0.6706719891559407, 2353 182 1247 ,,
3, 4, 1, -0.6706719891559407, 1813 874 591 ,,
3, 4, 1, -0.6706719891559407, 2583 1756 142 ,,
3, 4, 1, -0.6706719891559407, 741 185 2507 ,,
3, 4, 1, -0.6706719891559407, 268 702 718 ,,
3, 4, 1, -0.6706719891559407, 1476 381 238 ,,
3, 4, 1, -0.6706719891559407, 161 581 2428 ,,
3, 4, 1, -0.6706719891559407, 168 155 1163 ,,
3, 4, 1, -0.6706719891559407, 2849 220 1150 ,,
3, 4, 1, -0.6706719891559407, 224 1347 1142 ,,
3, 4, 1, -0.6706719891559407, 1074 1533 253 ,,
3, 4, 1, -0.6706719891559407, 784 1123 246 ,,
3, 4, 1, -0.6706719891559407, 80 1929 203 ,,
3, 4, 1, -0.6706719891559407, 257 473 2650 ,,
3, 4, 1, -0.6706719891559407, 259 1348 999 ,,
3, 4, 1, -0.6706719891559407, 292 948 1319 ,,
3, 4, 1, -0.6706719891559407, 790 1144 350 ,,
3, 4, 1, -0.6706719891559407, 2492 300 559 ,,
3, 4, 1, -0.6706719891559407, 774 2716 2365 ,,
3, 4, 1, -0.6706719891559407, 128 1089 326 ,,
3, 4, 1, -0.6706719891559407, 320 329 2875 ,,
3, 4, 1, -0.6706719891559407, 2242 132 332 ,,
3, 4, 1, -0.6706719891559407, 336 2684 607 ,,
3, 4, 1, -0.6706719891559407, 338 342 237 ,,
3, 4, 1, -0.6706719891559407, 340 1035 1214 ,,
3, 4, 1, -0.6706719891559407, 2529 360 2556 ,,
3, 4, 1, -0.6706719891559407, 361 1018 1610 ,,
3, 4, 1, -0.6706719891559407, 370 2455 1053 ,,
3, 4, 1, -0.6706719891559407, 372 8 2586 ,,
3, 4, 1, -0.6706719891559407, 2692 390 764 ,,
3, 4, 1, -0.6706719891559407, 2592 260 424 ,,
3, 4, 1, -0.6706719891559407, 856 1482 395 ,,
3, 4, 1, -0.6706719891559407, 400 233 2236 ,,
3, 4, 1, -0.6706719891559407, 1184 1987 409 ,,
3, 4, 1, -0.6706719891559407, 757 1854 414 ,,
3, 4, 1, -0.6706719891559407, 1603 415 2335 ,,
3, 4, 1, -0.6706719891559407, 912 1992 427 ,,
3, 4, 1, -0.6706719891559407, 432 199 2120 ,,
3, 4, 1, -0.6706719891559407, 672 20 437 ,,
3, 4, 1, -0.6706719891559407, 1889 1621 551 ,,
3, 4, 1, -0.6706719891559407, 2632 441 463 ,,
3, 4, 1, -0.6706719891559407, 2149 475 1327 ,,
3, 4, 1, -0.6706719891559407, 1228 479 1455 ,,
3, 4, 1, -0.6706719891559407, 487 1831 573 ,,
3, 4, 1, -0.6706719891559407, 1297 1732 670 ,,
3, 4, 1, -0.6706719891559407, 2112 481 1958 ,,
3, 4, 1, -0.6706719891559407, 897 1255 540 ,,
3, 4, 1, -0.6706719891559407, 470 519 2536 ,,
3, 4, 1, -0.6706719891559407, 1783 588 990 ,,
3, 6, 3, 0.0, 2384 574 590 ,,
3, 4, 1, -0.6706719891559407, 580 805 2557 ,,
3, 4, 1, -0.6706719891559407, 778 604 733 ,,
3, 4, 1, -0.6706719891559407, 589 974 447 ,,
3, 4, 1, -0.6706719891559407, 608 1649 1359 ,,
3, 4, 1, -0.6706719891559407, 1222 614 684 ,,
3, 4, 1, -0.6706719891559407, 852 2309 617 ,,
3, 4, 1, -0.6706719891559407, 929 615 1358 ,,
3, 4, 1, -0.6706719891559407, 2760 41 618 ,,
3, 4, 1, -0.6706719891559407, 807 1706 623 ,,
3, 4, 1, -0.6706719891559407, 624 276 2603 ,,
3, 4, 1, -0.6706719891559407, 1251 665 2158 ,,
3, 4, 1, -0.6706719891559407, 1620 2789 677 ,,
3, 4, 1, -0.6706719891559407, 967 682 93 ,,
3, 4, 1, -0.6706719891559407, 754 2210 461 ,,
3, 4, 1, -0.6706719891559407, 887 1560 825 ,,
3, 4, 1, -0.6706719891559407, 720 2596 1911 ,,
3, 4, 1, -0.6706719891559407, 2898 802 1283 ,,
3, 4, 1, -0.6706719891559407, 725 1050 2218 ,,
3, 4, 1, -0.6706719891559407, 1030 743 2239 ,,
3, 4, 1, -0.6706719891559407, 786 1828 726 ,,
3, 4, 1, -0.6706719891559407, 801 2568 2396 ,,
3, 4, 1, -0.6706719891559407, 768 809 1675 ,,
3, 4, 1, -0.6706719891559407, 2225 835 2661 ,,
3, 4, 1, -0.6706719891559407, 1360 2069 810 ,,
3, 4, 1, -0.6706719891559407, 354 883 838 ,,
3, 4, 1, -0.6706719891559407, 981 1191 811 ,,
3, 4, 1, -0.6706719891559407, 903 843 2255 ,,
3, 4, 1, -0.6706719891559407, 849 2154 1583 ,,
3, 4, 1, -0.6706719891559407, 1920 855 2890 ,,
3, 4, 1, -0.6706719891559407, 917 2454 2734 ,,
3, 4, 1, -0.6706719891559407, 722 859 1483 ,,
3, 4, 1, -0.6706719891559407, 866 1177 221 ,,
3, 4, 1, -0.6706719891559407, 868 2613 2614 ,,
3, 4, 1, -0.6706719891559407, 1220 717 909 ,,
3, 4, 1, -0.6706719891559407, 882 536 1738 ,,
3, 4, 1, -0.6706719891559407, 1253 2631 894 ,,
3, 4, 1, -0.6706719891559407, 1552 921 1451 ,,
3, 4, 1, -0.6706719891559407, 946 1832 2765 ,,
3, 4, 1, -0.6706719891559407, 1075 997 1242 ,,
3, 4, 1, -0.6706719891559407, 704 947 527 ,,
3, 4, 1, -0.6706719891559407, 952 1370 2654 ,,
3, 4, 1, -0.6706719891559407, 1123 2198 971 ,,
3, 4, 1, -0.6706719891559407, 979 2676 1658 ,,
3, 4, 1, -0.6706719891559407, 2833 1004 2735 ,,
3, 4, 1, -0.6706719891559407, 673 275 1007 ,,
3, 4, 1, -0.6706719891559407, 1009 2825 1855 ,,
3, 4, 1, -0.6706719891559407, 1015 1260 1262 ,,
3, 4, 1, -0.6706719891559407, 1012 23 1226 ,,
3, 4, 1, -0.6706719891559407, 1281 2739 1020 ,,
3, 4, 1, -0.6706719891559407, 1492 1034 174 ,,
3, 4, 1, -0.6706719891559407, 1762 1032 2537 ,,
3, 4, 1, -0.6706719891559407, 2442 619 1038 ,,
3, 4, 1, -0.6706719891559407, 1153 1042 1311 ,,
3, 4, 1, -0.6706719891559407, 2866 1064 520 ,,
3, 6, 3, 0.0, 1043 1047 2044 ,,
3, 4, 1, -0.6706719891559407, 1763 2061 1055 ,,
3, 4, 1, -0.6706719891559407, 2404 2730 1100 ,,
3, 4, 1, -0.6706719891559407, 2595 1113 2589 ,,
3, 4, 1, -0.6706719891559407, 2673 1714 1103 ,,
3, 4, 1, -0.6706719891559407, 1091 1124 110 ,,
3, 4, 1, -0.6706719891559407, 1504 1952 1130 ,,
3, 4, 1, -0.6706719891559407, 977 341 1101 ,,
3, 4, 1, -0.6706719891559407, 594 1209 2111 ,,
3, 4, 1, -0.6706719891559407, 1136 1196 2781 ,,
3, 4, 1, -0.6706719891559407, 1125 2230 1932 ,,
3, 4, 1, -0.6706719891559407, 1139 2508 1118 ,,
3, 4, 1, -0.6706719891559407, 112 1162 2031 ,,
3, 4, 1, -0.6706719891559407, 2199 1183 735 ,,
3, 4, 1, -0.6706719891559407, 736 1200 422 ,,
3, 4, 1, -0.6706719891559407, 2032 1682 1205 ,,
3, 4, 1, -0.6706719891559407, 1237 1210 1372 ,,
3, 4, 1, -0.6706719891559407, 1536 2775 1212 ,,
3, 4, 1, -0.6706719891559407, 1280 2083 1669 ,,
3, 4, 1, -0.6706719891559407, 1781 1419 878 ,,
3, 4, 1, -0.6706719891559407, 1256 1964 1966 ,,
3, 4, 1, -0.6706719891559407, 1988 1382 1338 ,,
3, 4, 1, -0.6706719891559407, 1906 1244 1502 ,,
3, 4, 1, -0.6706719891559407, 1440 1779 1271 ,,
3, 4, 1, -0.6706719891559407, 1329 1114 2363 ,,
3, 4, 1, -0.6706719891559407, 1860 1285 2807 ,,
3, 4, 1, -0.6706719891559407, 49 1506 918 ,,
3, 4, 1, -0.6706719891559407, 1306 190 1071 ,,
3, 4, 1, -0.6706719891559407, 2000 2563 1354 ,,
3, 4, 1, -0.6706719891559407, 833 1362 1480 ,,
3, 4, 1, -0.6706719891559407, 1153 1028 1386 ,,
3, 4, 1, -0.6706719891559407, 2867 1192 1389 ,,
3, 4, 1, -0.6706719891559407, 1872 1410 934 ,,
3, 4, 1, -0.6706719891559407, 1024 1762 1388 ,,
3, 4, 1, -0.6706719891559407, 2737 1972 1417 ,,
3, 4, 1, -0.6706719891559407, 1632 1426 2700 ,,
3, 4, 1, -0.6706719891559407, 843 606 1439 ,,
3, 4, 1, -0.6706719891559407, 1443 772 2168 ,,
3, 4, 1, -0.6706719891559407, 2123 1468 1615 ,,
3, 4, 1, -0.6706719891559407, 1458 1445 2445 ,,
3, 4, 1, -0.6706719891559407, 2711 1449 2398 ,,
3, 4, 1, -0.6706719891559407, 2187 1469 973 ,,
3, 4, 1, -0.6706719891559407, 1040 1491 1806 ,,
3, 4, 1, -0.6706719891559407, 1521 1927 525 ,,
3, 4, 1, -0.6706719891559407, 2740 1558 1479 ,,
3, 4, 1, -0.6706719891559407, 2354 1597 2191 ,,
3, 4, 1, -0.6706719891559407, 2882 1534 2270 ,,
3, 4, 1, -0.6706719891559407, 131 1998 1551 ,,
3, 4, 1, -0.6706719891559407, 1104 886 1515 ,,
3, 4, 1, -0.6706719891559407, 1638 1563 1981 ,,
3, 4, 1, -0.6706719891559407, 1568 2549 2568 ,,
3, 4, 1, -0.6706719891559407, 1555 1574 2618 ,,
3, 4, 1, -0.6706719891559407, 1600 978 1375 ,,
3, 4, 1, -0.6706719891559407, 1985 1575 636 ,,
3, 4, 1, -0.6706719891559407, 881 2114 1622 ,,
3, 4, 1, -0.6706719891559407, 2753 1608 30 ,,
3, 4, 1, -0.6706719891559407, 2086 1625 2858 ,,
3, 4, 1, -0.6706719891559407, 2834 867 1612 ,,
3, 4, 1, -0.6706719891559407, 197 2730 1661 ,,
3, 4, 1, -0.6706719891559407, 1636 1373 1086 ,,
3, 4, 1, -0.6706719891559407, 1672 124 207 ,,
3, 4, 1, -0.6706719891559407, 1640 2667 748 ,,
3, 4, 1, -0.6706719891559407, 1877 1066 1690 ,,
3, 4, 1, -0.6706719891559407, 2128 2888 1695 ,,
3, 4, 1, -0.6706719891559407, 658 1736 11 ,,
3, 4, 1, -0.6706719891559407, 1713 2373 1770 ,,
3, 4, 1, -0.6706719891559407, 1696 194 1724 ,,
3, 4, 1, -0.6706719891559407, 16 992 1844 ,,
3, 4, 1, -0.6706719891559407, 1729 2123 2460 ,,
3, 4, 1, -0.6706719891559407, 1761 1700 1503 ,,
3, 4, 1, -0.6706719891559407, 1648 1793 719 ,,
3, 4, 1, -0.6706719891559407, 2610 2500 1759 ,,
3, 4, 1, -0.6706719891559407, 1495 1849 1818 ,,
3, 4, 1, -0.6706719891559407, 2316 1822 846 ,,
3, 4, 1, -0.6706719891559407, 1825 1593 463 ,,
3, 4, 1, -0.6706719891559407, 1850 586 2106 ,,
3, 4, 1, -0.6706719891559407, 4 2408 1837 ,,
3, 4, 1, -0.6706719891559407, 164 1846 1499 ,,
3, 4, 1, -0.6706719891559407, 1616 1859 2489 ,,
3, 4, 1, -0.6706719891559407, 2355 1863 2670 ,,
3, 4, 1, -0.6706719891559407, 1904 2308 1638 ,,
3, 4, 1, -0.6706719891559407, 2706 839 1881 ,,
3, 4, 1, -0.6706719891559407, 1874 2855 2846 ,,
3, 4, 1, -0.6706719891559407, 2161 1907 893 ,,
3, 4, 1, -0.6706719891559407, 401 2502 1149 ,,
3, 4, 1, -0.6706719891559407, 2592 579 1950 ,,
3, 4, 1, -0.6706719891559407, 1989 1128 1117 ,,
3, 4, 1, -0.6706719891559407, 2113 294 1910 ,,
3, 4, 1, -0.6706719891559407, 2135 1933 1311 ,,
3, 4, 1, -0.6706719891559407, 2272 1954 1421 ,,
3, 4, 1, -0.6706719891559407, 421 1949 2479 ,,
3, 4, 1, -0.6706719891559407, 2096 1010 2075 ,,
3, 4, 1, -0.6706719891559407, 1984 2760 570 ,,
3, 4, 1, -0.6706719891559407, 2466 907 2012 ,,
3, 4, 1, -0.6706719891559407, 690 2091 1597 ,,
3, 4, 1, -0.6706719891559407, 980 844 2062 ,,
3, 4, 1, -0.6706719891559407, 944 1928 2110 ,,
3, 4, 1, -0.6706719891559407, 578 2899 2038 ,,
3, 4, 1, -0.6706719891559407, 2084 2774 2458 ,,
3, 4, 1, -0.6706719891559407, 533 854 2094 ,,
3, 4, 1, -0.6706719891559407, 2585 2139 2781 ,,
3, 4, 1, -0.6706719891559407, 2290 1923 2117 ,,
3, 4, 1, -0.6706719891559407, 2866 1187 2264 ,,
3, 4, 1, -0.6706719891559407, 2768 2342 1405 ,,
3, 4, 1, -0.6706719891559407, 2146 1735 2647 ,,
3, 4, 1, -0.6706719891559407, 1078 490 2415 ,,
2, 2, 2, 0.0, 1893 348 ,,
3, 4, 1, -0.6706719891559407, 2160 2097 2223 ,,
3, 4, 1, -0.6706719891559407, 2162 37 269 ,,
3, 4, 1, -0.6706719891559407, 1860 2810 2171 ,,
3, 4, 1, -0.6706719891559407, 2193 2386 742 ,,
3, 4, 1, -0.6706719891559407, 2530 2005 2207 ,,
3, 4, 1, -0.6706719891559407, 2194 2726 2318 ,,
3, 4, 1, -0.6706719891559407, 2288 1425 803 ,,
3, 4, 1, -0.6706719891559407, 278 1830 2299 ,,
3, 4, 1, -0.6706719891559407, 1988 2358 1646 ,,
3, 4, 1, -0.6706719891559407, 962 2306 2569 ,,
3, 4, 1, -0.6706719891559407, 1249 2231 2332 ,,
3, 4, 1, -0.6706719891559407, 2340 2249 2703 ,,
3, 4, 1, -0.6706719891559407, 308 983 2345 ,,
3, 4, 1, -0.6706719891559407, 418 2386 2366 ,,
3, 4, 1, -0.6706719891559407, 2802 2485 1800 ,,
3, 4, 1, -0.6706719891559407, 2467 1380 2189 ,,
3, 4, 1, -0.6706719891559407, 887 2439 2719 ,,
3, 4, 1, -0.6706719891559407, 644 1845 2543 ,,
3, 4, 1, -0.6706719891559407, 2818 2564 1175 ,,
3, 4, 1, -0.6706719891559407, 242 1112 2575 ,,
3, 4, 1, -0.6706719891559407, 2584 889 1167 ,,
3, 4, 1, -0.6706719891559407, 2672 17 2452 ,,
3, 4, 1, -0.6706719891559407, 1427 2758 2477 ,,
3, 4, 1, -0.6706719891559407, 2577 2520 2524 ,,
3, 4, 1, -0.6706719891559407, 2576 656 1140 ,,
3, 4, 1, -0.6706719891559407, 2580 376 943 ,,
3, 4, 1, -0.6706719891559407, 2625 165 1135 ,,
3, 4, 1, -0.6706719891559407, 1795 2772 2779 ,,
3, 4, 1, -0.6706719891559407, 2628 1124 405 ,,
3, 4, 1, -0.6706719891559407, 2531 2648 2654 ,,
3, 4, 1, -0.6706719891559407, 134 1575 2649 ,,
3, 4, 1, -0.6706719891559407, 2664 2744 2827 ,,
3, 4, 1, -0.6706719891559407, 2136 1274 2655 ,,
3, 4, 1, -0.6706719891559407, 2660 852 234 ,,
3, 4, 1, -0.6706719891559407, 1109 2776 2830 ,,
3, 4, 1, -0.6706719891559407, 1120 1561 2687 ,,
3, 4, 1, -0.6706719891559407, 776 2715 2383 ,,
3, 4, 1, -0.6706719891559407, 2294 1527 2698 ,,
3, 4, 1, -0.6706719891559407, 584 2665 2511 ,,
3, 4, 1, -0.6706719891559407, 306 2696 671 ,,
3, 4, 1, -0.6706719891559407, 2839 282 571 ,,
3, 4, 1, -0.6706719891559407, 2725 2300 2718 ,,
3, 4, 1, -0.6706719891559407, 1284 2712 682 ,,
3, 4, 1, -0.6706719891559407, 2311 2728 1263 ,,
3, 4, 1, -0.6706719891559407, 2848 2786 2759 ,,
3, 4, 1, -0.6706719891559407, 1041 2841 1290 ,,
3, 4, 1, -0.6706719891559407, 2881 2852 154 ,,
3, 4, 1, -0.6706719891559407, 2870 2460 1615 ,,
3, 4, 1, -0.6706719891559407, 2842 796 2430 ,,
3, 4, 1, -0.6706719891559407, 2853 1462 1322 ,,
2, 2, 2, 0.0, 1921 1 ,,
2, 2, 2, 0.0, 293 5 ,,
2, 2, 2, 0.0, 2032 21 ,,
2, 2, 2, 0.0, 2 2423 ,,
2, 2, 2, 0.0, 7 1642 ,,
2, 2, 2, 0.0, 2224 34 ,,
2, 2, 2, 0.0, 1718 31 ,,
2, 2, 2, 0.0, 1924 28 ,,
2, 2, 2, 0.0, 2088 29 ,,
2, 2, 2, 0.0, 24 2600 ,,
2, 2, 2, 0.0, 1905 36 ,,
2, 2, 2, 0.0, 330 47 ,,
2, 2, 2, 0.0, 2742 59 ,,
2, 2, 2, 0.0, 38 167 ,,
2, 2, 2, 0.0, 1720 44 ,,
2, 2, 2, 0.0, 42 1787 ,,
2, 2, 2, 0.0, 184 43 ,,
2, 2, 2, 0.0, 816 48 ,,
2, 2, 2, 0.0, 1377 61 ,,
2, 2, 2, 0.0, 2017 52 ,,
2, 2, 2, 0.0, 281 60 ,,
2, 2, 2, 0.0, 65 2174 ,,
2, 2, 2, 0.0, 67 2601 ,,
2, 2, 2, 0.0, 75 2220 ,,
2, 2, 2, 0.0, 68 2364 ,,
2, 2, 2, 0.0, 2434 66 ,,
2, 2, 2, 0.0, 84 1882 ,,
2, 2, 2, 0.0, 2675 920 ,,
2, 2, 2, 0.0, 178 2087 ,,
2, 2, 2, 0.0, 89 639 ,,
2, 2, 2, 0.0, 865 81 ,,
2, 2, 2, 0.0, 900 71 ,,
2, 2, 2, 0.0, 69 1487 ,,
2, 2, 2, 0.0, 1504 73 ,,
2, 2, 2, 0.0, 102 2105 ,,
2, 2, 2, 0.0, 1895 76 ,,
2, 2, 2, 0.0, 676 90 ,,
2, 2, 2, 0.0, 2886 74 ,,
2, 2, 2, 0.0, 912 94 ,,
2, 2, 2, 0.0, 97 2851 ,,
2, 2, 2, 0.0, 2420 105 ,,
2, 2, 2, 0.0, 2244 101 ,,
2, 2, 2, 0.0, 107 1277 ,,
2, 2, 2, 0.0, 1708 143 ,,
2, 2, 2, 0.0, 113 149 ,,
2, 2, 2, 0.0, 119 2776 ,,
2, 2, 2, 0.0, 117 1463 ,,
2, 2, 2, 0.0, 1296 142 ,,
2, 2, 2, 0.0, 144 699 ,,
2, 2, 2, 0.0, 2496 147 ,,
2, 2, 2, 0.0, 148 1355 ,,
2, 2, 2, 0.0, 2710 173 ,,
2, 2, 2, 0.0, 150 697 ,,
2, 2, 2, 0.0, 321 157 ,,
2, 2, 2, 0.0, 163 1866 ,,
2, 2, 2, 0.0, 258 1242 ,,
2, 2, 2, 0.0, 160 2764 ,,
2, 2, 2, 0.0, 210 877 ,,
2, 2, 2, 0.0, 2763 175 ,,
2, 2, 2, 0.0, 176 1919 ,,
2, 2, 2, 0.0, 245 1655 ,,
2, 2, 2, 0.0, 180 1435 ,,
2, 2, 2, 0.0, 1816 186 ,,
2, 2, 2, 0.0, 710 187 ,,
2, 2, 2, 0.0, 1595 253 ,,
2, 2, 2, 0.0, 2437 189 ,,
2, 2, 2, 0.0, 191 319 ,,
2, 2, 2, 0.0, 196 1990 ,,
2, 2, 2, 0.0, 200 2347 ,,
2, 2, 2, 0.0, 193 403 ,,
2, 2, 2, 0.0, 208 2783 ,,
2, 2, 2, 0.0, 198 440 ,,
2, 2, 2, 0.0, 304 214 ,,
2, 2, 2, 0.0, 201 1146 ,,
2, 2, 2, 0.0, 994 204 ,,
2, 2, 2, 0.0, 219 1099 ,,
2, 2, 2, 0.0, 232 2732 ,,
2, 2, 2, 0.0, 240 1699 ,,
2, 2, 2, 0.0, 267 222 ,,
2, 2, 2, 0.0, 247 223 ,,
2, 2, 2, 0.0, 1767 238 ,,
2, 2, 2, 0.0, 1446 249 ,,
2, 2, 2, 0.0, 1448 250 ,,
2, 2, 2, 0.0, 288 1387 ,,
2, 2, 2, 0.0, 2053 285 ,,
2, 2, 2, 0.0, 2802 280 ,,
2, 2, 2, 0.0, 2818 248 ,,
2, 2, 2, 0.0, 2617 255 ,,
2, 2, 2, 0.0, 1971 254 ,,
2, 2, 2, 0.0, 314 2251 ,,
2, 2, 2, 0.0, 2597 261 ,,
2, 2, 2, 0.0, 272 1539 ,,
2, 2, 2, 0.0, 337 387 ,,
2, 2, 2, 0.0, 758 298 ,,
2, 2, 2, 0.0, 1450 301 ,,
2, 2, 2, 0.0, 1141 284 ,,
2, 2, 2, 0.0, 1475 279 ,,
2, 2, 2, 0.0, 297 1275 ,,
2, 2, 2, 0.0, 817 303 ,,
2, 2, 2, 0.0, 307 1820 ,,
2, 2, 2, 0.0, 1046 344 ,,
2, 2, 2, 0.0, 312 2765 ,,
2, 2, 2, 0.0, 322 2379 ,,
2, 2, 2, 0.0, 1189 332 ,,
2, 2, 2, 0.0, 339 1605 ,,
2, 2, 2, 0.0, 1947 413 ,,
2, 2, 2, 0.0, 356 2473 ,,
2, 2, 2, 0.0, 1063 375 ,,
2, 2, 2, 0.0, 1799 345 ,,
2, 2, 2, 0.0, 2593 347 ,,
2, 2, 2, 0.0, 1374 351 ,,
2, 2, 2, 0.0, 359 941 ,,
2, 2, 2, 0.0, 1522 362 ,,
2, 2, 2, 0.0, 2329 364 ,,
2, 2, 2, 0.0, 805 381 ,,
2, 2, 2, 0.0, 2716 365 ,,
2, 2, 2, 0.0, 2180 374 ,,
2, 2, 2, 0.0, 914 378 ,,
2, 2, 2, 0.0, 379 2606 ,,
2, 2, 2, 0.0, 1509 382 ,,
2, 2, 2, 0.0, 384 2731 ,,
2, 2, 2, 0.0, 386 575 ,,
2, 2, 2, 0.0, 389 2620 ,,
2, 2, 2, 0.0, 388 2233 ,,
2, 2, 2, 0.0, 834 493 ,,
2, 2, 2, 0.0, 1697 393 ,,
2, 2, 2, 0.0, 2260 399 ,,
2, 2, 2, 0.0, 724 394 ,,
2, 2, 2, 0.0, 398 2367 ,,
2, 2, 2, 0.0, 402 1678 ,,
2, 2, 2, 0.0, 1382 426 ,,
2, 2, 2, 0.0, 516 410 ,,
2, 2, 2, 0.0, 416 2462 ,,
2, 2, 2, 0.0, 433 863 ,,
2, 2, 2, 0.0, 532 456 ,,
2, 2, 2, 0.0, 1045 411 ,,
2, 2, 2, 0.0, 1651 2206 ,,
2, 2, 2, 0.0, 2261 462 ,,
2, 2, 2, 0.0, 423 1065 ,,
2, 2, 2, 0.0, 444 1822 ,,
2, 2, 2, 0.0, 439 1849 ,,
2, 2, 2, 0.0, 2352 476 ,,
2, 2, 2, 0.0, 450 965 ,,
2, 2, 2, 0.0, 454 1147 ,,
2, 2, 2, 0.0, 899 2733 ,,
2, 2, 2, 0.0, 1079 458 ,,
2, 2, 2, 0.0, 1090 460 ,,
2, 2, 2, 0.0, 466 583 ,,
2, 2, 2, 0.0, 474 2126 ,,
2, 2, 2, 0.0, 2550 472 ,,
2, 2, 2, 0.0, 2804 471 ,,
2, 2, 2, 0.0, 1077 473 ,,
2, 2, 2, 0.0, 475 813 ,,
2, 2, 2, 0.0, 1239 477 ,,
2, 2, 2, 0.0, 764 492 ,,
2, 2, 2, 0.0, 496 1176 ,,
2, 2, 2, 0.0, 514 1478 ,,
2, 2, 2, 0.0, 1264 482 ,,
2, 2, 2, 0.0, 524 1725 ,,
2, 2, 2, 0.0, 2085 494 ,,
2, 2, 2, 0.0, 2241 542 ,,
2, 2, 2, 0.0, 666 510 ,,
2, 2, 2, 0.0, 1265 511 ,,
2, 2, 2, 0.0, 512 1437 ,,
2, 2, 2, 0.0, 2627 549 ,,
2, 2, 2, 0.0, 523 1964 ,,
2, 2, 2, 0.0, 1498 526 ,,
2, 2, 2, 0.0, 2147 535 ,,
2, 2, 2, 0.0, 1858 541 ,,
2, 2, 2, 0.0, 547 1258 ,,
2, 2, 2, 0.0, 1286 538 ,,
2, 2, 2, 0.0, 2503 623 ,,
2, 2, 2, 0.0, 564 1447 ,,
2, 2, 2, 0.0, 548 2758 ,,
2, 2, 2, 0.0, 2480 569 ,,
2, 2, 2, 0.0, 552 894 ,,
2, 2, 2, 0.0, 560 1000 ,,
2, 2, 2, 0.0, 1601 561 ,,
2, 2, 2, 0.0, 572 1517 ,,
2, 2, 2, 0.0, 582 1704 ,,
2, 2, 2, 0.0, 2693 587 ,,
2, 2, 2, 0.0, 588 2237 ,,
2, 2, 2, 0.0, 596 1753 ,,
2, 2, 2, 0.0, 1569 603 ,,
2, 2, 2, 0.0, 2486 601 ,,
2, 2, 2, 0.0, 608 1963 ,,
2, 2, 2, 0.0, 1168 597 ,,
2, 2, 2, 0.0, 2819 632 ,,
2, 2, 2, 0.0, 602 972 ,,
2, 2, 2, 0.0, 1332 612 ,,
2, 2, 2, 0.0, 613 951 ,,
2, 2, 2, 0.0, 616 2778 ,,
2, 2, 2, 0.0, 680 1951 ,,
2, 2, 2, 0.0, 1223 621 ,,
2, 2, 2, 0.0, 641 2280 ,,
2, 2, 2, 0.0, 840 635 ,,
2, 2, 2, 0.0, 640 1362 ,,
2, 2, 2, 0.0, 630 2424 ,,
2, 2, 2, 0.0, 643 1272 ,,
2, 2, 2, 0.0, 1061 651 ,,
2, 2, 2, 0.0, 646 1294 ,,
2, 2, 2, 0.0, 1196 652 ,,
2, 2, 2, 0.0, 1621 654 ,,
2, 2, 2, 0.0, 663 2204 ,,
2, 2, 2, 0.0, 660 2537 ,,
2, 2, 2, 0.0, 664 1050 ,,
2, 2, 2, 0.0, 1067 669 ,,
2, 2, 2, 0.0, 674 1354 ,,
2, 2, 2, 0.0, 675 2019 ,,
2, 2, 2, 0.0, 2567 687 ,,
2, 2, 2, 0.0, 2468 695 ,,
2, 2, 2, 0.0, 1751 716 ,,
2, 2, 2, 0.0, 691 2492 ,,
2, 2, 2, 0.0, 708 2877 ,,
2, 2, 2, 0.0, 2836 714 ,,
2, 2, 2, 0.0, 744 1401 ,,
2, 2, 2, 0.0, 770 1660 ,,
2, 2, 2, 0.0, 723 1752 ,,
2, 2, 2, 0.0, 961 732 ,,
2, 2, 2, 0.0, 731 2637 ,,
2, 2, 2, 0.0, 832 743 ,,
2, 2, 2, 0.0, 1330 750 ,,
2, 2, 2, 0.0, 1689 749 ,,
2, 2, 2, 0.0, 755 779 ,,
2, 2, 2, 0.0, 2453 760 ,,
2, 2, 2, 0.0, 1667 763 ,,
2, 2, 2, 0.0, 762 2829 ,,
2, 2, 2, 0.0, 1160 777 ,,
2, 2, 2, 0.0, 778 1211 ,,
2, 2, 2, 0.0, 2709 782 ,,
2, 2, 2, 0.0, 774 2762 ,,
2, 2, 2, 0.0, 785 1644 ,,
2, 2, 2, 0.0, 787 2874 ,,
2, 2, 2, 0.0, 792 829 ,,
2, 2, 2, 0.0, 2049 797 ,,
2, 2, 2, 0.0, 2403 798 ,,
2, 2, 2, 0.0, 806 1247 ,,
2, 2, 2, 0.0, 1653 793 ,,
2, 2, 2, 0.0, 1828 799 ,,
2, 2, 2, 0.0, 807 2286 ,,
2, 2, 2, 0.0, 1543 815 ,,
2, 2, 2, 0.0, 808 987 ,,
2, 2, 2, 0.0, 2529 818 ,,
2, 2, 2, 0.0, 820 1545 ,,
2, 2, 2, 0.0, 1619 823 ,,
2, 2, 2, 0.0, 1749 821 ,,
2, 2, 2, 0.0, 825 1995 ,,
2, 2, 2, 0.0, 2248 826 ,,
2, 2, 2, 0.0, 2518 827 ,,
2, 2, 2, 0.0, 842 2495 ,,
2, 2, 2, 0.0, 2055 845 ,,
2, 2, 2, 0.0, 849 1500 ,,
2, 2, 2, 0.0, 855 2876 ,,
2, 2, 2, 0.0, 2070 861 ,,
2, 2, 2, 0.0, 869 2380 ,,
2, 2, 2, 0.0, 2771 892 ,,
2, 2, 2, 0.0, 888 2411 ,,
2, 2, 2, 0.0, 857 1022 ,,
2, 2, 2, 0.0, 2131 895 ,,
2, 2, 2, 0.0, 1557 904 ,,
2, 2, 2, 0.0, 1017 2815 ,,
2, 2, 2, 0.0, 1098 910 ,,
2, 2, 2, 0.0, 906 1197 ,,
2, 2, 2, 0.0, 915 1819 ,,
2, 2, 2, 0.0, 913 1684 ,,
2, 2, 2, 0.0, 2114 919 ,,
2, 2, 2, 0.0, 923 2027 ,,
2, 2, 2, 0.0, 2713 926 ,,
2, 2, 2, 0.0, 932 2169 ,,
2, 2, 2, 0.0, 966 2699 ,,
2, 2, 2, 0.0, 993 969 ,,
2, 2, 2, 0.0, 996 1342 ,,
2, 2, 2, 0.0, 1428 991 ,,
2, 2, 2, 0.0, 1441 1004 ,,
2, 2, 2, 0.0, 2418 995 ,,
2, 2, 2, 0.0, 1320 1005 ,,
2, 2, 2, 0.0, 1831 1051 ,,
2, 2, 2, 0.0, 1059 1994 ,,
2, 2, 2, 0.0, 1011 1230 ,,
2, 2, 2, 0.0, 2854 1020 ,,
2, 2, 2, 0.0, 1013 1598 ,,
2, 2, 2, 0.0, 1411 1054 ,,
2, 2, 2, 0.0, 1056 2689 ,,
2, 2, 2, 0.0, 1216 1068 ,,
2, 2, 2, 0.0, 1604 1070 ,,
2, 2, 2, 0.0, 1872 1076 ,,
2, 2, 2, 0.0, 2144 1081 ,,
2, 2, 2, 0.0, 1094 2255 ,,
2, 2, 2, 0.0, 2624 1082 ,,
2, 2, 2, 0.0, 2259 1096 ,,
2, 2, 2, 0.0, 1127 2361 ,,
2, 2, 2, 0.0, 1097 1131 ,,
2, 2, 2, 0.0, 2417 1103 ,,
2, 2, 2, 0.0, 1137 2862 ,,
2, 2, 2, 0.0, 1159 1102 ,,
2, 2, 2, 0.0, 2052 1142 ,,
2, 2, 2, 0.0, 1869 1151 ,,
2, 2, 2, 0.0, 1481 1133 ,,
2, 2, 2, 0.0, 1156 2679 ,,
2, 2, 2, 0.0, 1158 1370 ,,
2, 2, 2, 0.0, 1173 1325 ,,
2, 2, 2, 0.0, 1171 1429 ,,
2, 2, 2, 0.0, 1946 1179 ,,
2, 2, 2, 0.0, 2744 1194 ,,
2, 2, 2, 0.0, 1207 2412 ,,
2, 2, 2, 0.0, 1959 1199 ,,
2, 2, 2, 0.0, 2720 1209 ,,
2, 2, 2, 0.0, 2738 1221 ,,
2, 2, 2, 0.0, 1222 1887 ,,
2, 2, 2, 0.0, 2474 1231 ,,
2, 2, 2, 0.0, 1235 2200 ,,
2, 2, 2, 0.0, 1269 1559 ,,
2, 2, 2, 0.0, 1232 1244 ,,
2, 2, 2, 0.0, 2325 1243 ,,
2, 2, 2, 0.0, 2602 1245 ,,
2, 2, 2, 0.0, 1765 1262 ,,
2, 2, 2, 0.0, 1977 1293 ,,
2, 2, 2, 0.0, 2451 1256 ,,
2, 2, 2, 0.0, 2674 1259 ,,
2, 2, 2, 0.0, 2661 1295 ,,
2, 2, 2, 0.0, 1297 2884 ,,
2, 2, 2, 0.0, 1300 1741 ,,
2, 2, 2, 0.0, 1302 1434 ,,
2, 2, 2, 0.0, 1304 2652 ,,
2, 2, 2, 0.0, 1890 1305 ,,
2, 2, 2, 0.0, 1334 2285 ,,
2, 2, 2, 0.0, 1873 1308 ,,
2, 2, 2, 0.0, 1316 2777 ,,
2, 2, 2, 0.0, 1357 2287 ,,
2, 2, 2, 0.0, 1346 2143 ,,
2, 2, 2, 0.0, 1328 2348 ,,
2, 2, 2, 0.0, 1340 1839 ,,
2, 2, 2, 0.0, 1350 2109 ,,
2, 2, 2, 0.0, 1915 1341 ,,
2, 2, 2, 0.0, 2161 1352 ,,
2, 2, 2, 0.0, 2533 1351 ,,
2, 2, 2, 0.0, 1364 1786 ,,
2, 2, 2, 0.0, 1365 2399 ,,
2, 2, 2, 0.0, 1366 1823 ,,
2, 2, 2, 0.0, 2414 1391 ,,
2, 2, 2, 0.0, 1409 2857 ,,
2, 2, 2, 0.0, 2784 1416 ,,
2, 2, 2, 0.0, 2753 1407 ,,
2, 2, 2, 0.0, 1413 2217 ,,
2, 2, 2, 0.0, 1458 1562 ,,
2, 2, 2, 0.0, 2643 1451 ,,
2, 2, 2, 0.0, 1970 1956 ,,
2, 2, 2, 0.0, 1685 1430 ,,
2, 2, 2, 0.0, 2281 1452 ,,
2, 2, 2, 0.0, 1444 2063 ,,
2, 2, 2, 0.0, 2515 1588 ,,
2, 2, 2, 0.0, 1490 1470 ,,
2, 2, 2, 0.0, 1460 2312 ,,
2, 2, 2, 0.0, 1482 1663 ,,
2, 2, 2, 0.0, 2464 1477 ,,
2, 2, 2, 0.0, 1485 1647 ,,
2, 2, 2, 0.0, 1488 2581 ,,
2, 2, 2, 0.0, 2440 1501 ,,
2, 2, 2, 0.0, 1493 2232 ,,
2, 2, 2, 0.0, 1531 1871 ,,
2, 2, 2, 0.0, 1738 1516 ,,
2, 2, 2, 0.0, 2516 1532 ,,
2, 2, 2, 0.0, 1591 1918 ,,
2, 2, 2, 0.0, 1884 1535 ,,
2, 2, 2, 0.0, 1538 2373 ,,
2, 2, 2, 0.0, 1553 1833 ,,
2, 2, 2, 0.0, 1554 2002 ,,
2, 2, 2, 0.0, 1556 2150 ,,
2, 2, 2, 0.0, 1679 1711 ,,
2, 2, 2, 0.0, 2688 1584 ,,
2, 2, 2, 0.0, 1618 1739 ,,
2, 2, 2, 0.0, 1564 2735 ,,
2, 2, 2, 0.0, 1912 1599 ,,
2, 2, 2, 0.0, 1589 2619 ,,
2, 2, 2, 0.0, 1586 1579 ,,
2, 2, 2, 0.0, 2048 1594 ,,
2, 2, 2, 0.0, 1626 1885 ,,
2, 2, 2, 0.0, 1865 1627 ,,
2, 2, 2, 0.0, 1649 1758 ,,
2, 2, 2, 0.0, 1668 2812 ,,
2, 2, 2, 0.0, 1821 1695 ,,
2, 2, 2, 0.0, 1957 1674 ,,
2, 2, 2, 0.0, 1696 1682 ,,
2, 2, 2, 0.0, 1686 1801 ,,
2, 2, 2, 0.0, 1690 1694 ,,
2, 2, 2, 0.0, 2889 1726 ,,
2, 2, 2, 0.0, 1730 2570 ,,
2, 2, 2, 0.0, 2705 1727 ,,
2, 2, 2, 0.0, 2545 1737 ,,
2, 2, 2, 0.0, 1734 1771 ,,
2, 2, 2, 0.0, 2173 1774 ,,
2, 2, 2, 0.0, 1841 2292 ,,
2, 2, 2, 0.0, 2471 1740 ,,
2, 2, 2, 0.0, 1745 2747 ,,
2, 2, 2, 0.0, 2156 1788 ,,
2, 2, 2, 0.0, 2001 1803 ,,
2, 2, 2, 0.0, 1790 2719 ,,
2, 2, 2, 0.0, 2227 1789 ,,
2, 2, 2, 0.0, 1842 2456 ,,
2, 2, 2, 0.0, 2707 1817 ,,
2, 2, 2, 0.0, 1826 2047 ,,
2, 2, 2, 0.0, 2611 1835 ,,
2, 2, 2, 0.0, 2177 1857 ,,
2, 2, 2, 0.0, 1864 2895 ,,
2, 2, 2, 0.0, 2020 1880 ,,
2, 2, 2, 0.0, 1891 2847 ,,
2, 2, 2, 0.0, 2128 2009 ,,
2, 2, 2, 0.0, 1909 2539 ,,
2, 2, 2, 0.0, 2646 1961 ,,
2, 2, 2, 0.0, 1917 2750 ,,
2, 2, 2, 0.0, 2706 1926 ,,
2, 2, 2, 0.0, 2813 1935 ,,
2, 2, 2, 0.0, 2170 2303 ,,
2, 2, 2, 0.0, 2517 1942 ,,
2, 2, 2, 0.0, 2010 2026 ,,
2, 2, 2, 0.0, 1976 2510 ,,
2, 2, 2, 0.0, 2213 1962 ,,
2, 2, 2, 0.0, 1980 2254 ,,
2, 2, 2, 0.0, 2008 1978 ,,
2, 2, 2, 0.0, 1986 2074 ,,
2, 2, 2, 0.0, 2103 2011 ,,
2, 2, 2, 0.0, 2022 2013 ,,
2, 2, 2, 0.0, 2033 2798 ,,
2, 2, 2, 0.0, 2050 2639 ,,
2, 2, 2, 0.0, 2263 2014 ,,
2, 2, 2, 0.0, 2035 2246 ,,
2, 2, 2, 0.0, 2307 2042 ,,
2, 2, 2, 0.0, 2247 2381 ,,
2, 2, 2, 0.0, 2051 2102 ,,
2, 2, 2, 0.0, 2433 2178 ,,
2, 2, 2, 0.0, 2118 2056 ,,
2, 2, 2, 0.0, 2368 2057 ,,
2, 2, 2, 0.0, 2095 2319 ,,
2, 2, 2, 0.0, 2153 2669 ,,
2, 2, 2, 0.0, 2152 2141 ,,
2, 2, 2, 0.0, 2098 2861 ,,
2, 2, 2, 0.0, 2112 2810 ,,
2, 2, 2, 0.0, 2166 2310 ,,
2, 2, 2, 0.0, 2183 2362 ,,
2, 2, 2, 0.0, 2099 2553 ,,
2, 2, 2, 0.0, 2164 2491 ,,
2, 2, 2, 0.0, 2192 2324 ,,
2, 2, 2, 0.0, 2240 2571 ,,
2, 2, 2, 0.0, 2212 2714 ,,
2, 2, 2, 0.0, 2726 2262 ,,
2, 2, 2, 0.0, 2612 2253 ,,
2, 2, 2, 0.0, 2265 2618 ,,
2, 2, 2, 0.0, 2346 2558 ,,
2, 2, 2, 0.0, 2278 2621 ,,
2, 2, 2, 0.0, 2336 2723 ,,
2, 2, 2, 0.0, 2327 2782 ,,
2, 2, 2, 0.0, 2432 2419 ,,
2, 2, 2, 0.0, 2721 2357 ,,
2, 2, 2, 0.0, 2891 2526 ,,
2, 2, 2, 0.0, 2538 2684 ,,
2, 2, 2, 0.0, 2370 2868 ,,
2, 2, 2, 0.0, 2579 2748 ,,
2, 2, 2, 0.0, 2613 2757 ,,
2, 2, 2, 0.0, 2626 2803 ,,
2, 2, 2, 0.0, 2663 2826 ,,
2, 2, 2, 0.0, 2837 2743 ,,
2, 2, 2, 0.0, 2823 2671 ,,
2, 2, 2, 0.0, 2869 2797 ,,
